{"type": "FeatureCollection", "features": [{"type": "Feature", "properties": {"ADM4_EN": "Bagumbayan", "ADM4_PCODE": "PH1307607002", "ADM4_REF": null, "ADM3_EN": "Taguig City", "ADM3_PCODE": "PH1307607", "ADM2_EN": "Metropolitan Manila Fourth District", "ADM2_PCODE": "PH13076", "ADM1_EN": "National Capital Region (NCR)", "ADM1_PCODE": "PH13", "ADM0_EN": "Philippines (the)", "ADM0_PCODE": "PH", "date": "2022-11-09", "validOn": "2023-11-06", "validTo": null, "Shape_Leng": 0.07011332211, "Shape_Area": 0.00018948521, "AREA_SQKM": 2.26021993239, "name": "Bagumbayan"}, "geometry": {"type": "MultiPolygon", "coordinates": [[[[121.0503871630001, 14.486083671000074], [121.05059538500007, 14.486070420000033], [121.0507903570001, 14.486004168000022], [121.05082421600002, 14.485966964000056], [121.05124169300007, 14.485834902000022], [121.05115723100005, 14.485780911000063], [121.05142270600004, 14.485523843000067], [121.0515694820001, 14.485345442000039], [121.05190823200007, 14.485492968000074], [121.05189587500001, 14.484717011000043], [121.05198305400006, 14.484540345000028], [121.05213928300009, 14.484363780000024], [121.05234283100003, 14.484192060000055], [121.05249225200009, 14.484064442000033], [121.05264121000005, 14.483896918000028], [121.05268963800006, 14.483825214000035], [121.05272682500004, 14.483789439000077], [121.05290286700006, 14.483687221000025], [121.05304210800011, 14.48364256900004], [121.05322959900002, 14.483596067000065], [121.05344732500009, 14.483497825000029], [121.05355351900005, 14.48345858700003], [121.05364480800006, 14.483497794000073], [121.05373227900009, 14.48342287500003], [121.05383798100002, 14.483435310000061], [121.0538580440001, 14.483508290000032], [121.05398098900002, 14.483657077000032], [121.05406596500006, 14.48372340000003], [121.05407104400001, 14.483819290000042], [121.054117044, 14.48381629000005], [121.05410327200002, 14.483959675000051], [121.05418617500004, 14.483972110000025], [121.0542732240001, 14.48395552900007], [121.05431674800002, 14.484011489000068], [121.05438307100007, 14.48402392500003], [121.05443281300006, 14.484017707000078], [121.05449291800005, 14.484003199000028], [121.05448462700008, 14.483965892000072], [121.05454058700002, 14.483926513000029], [121.05459654700007, 14.483876771000041], [121.05467530500005, 14.483853973000066], [121.05475406300002, 14.48387884400006], [121.05483903900006, 14.483885061000024], [121.05490536200011, 14.483862263000049], [121.05504422500007, 14.483706819000076], [121.05514992700012, 14.483549303000075], [121.05517065300012, 14.483373133000043], [121.05529216500008, 14.483354384000052], [121.05538620200002, 14.483327536000047], [121.05545110300011, 14.483338490000051], [121.05552299300007, 14.483387641000036], [121.05556444400008, 14.483482980000076], [121.05574890500009, 14.483621843000037], [121.05599114900008, 14.483866564000039], [121.05607268200004, 14.48392573700005], [121.05616437600008, 14.483960252000031], [121.05627128300011, 14.483960225000033], [121.05636829700006, 14.483935693000035], [121.05646537700011, 14.483876618000068], [121.05651639000007, 14.483807572000046], [121.05654734300003, 14.483786914000063], [121.05658286000005, 14.483763209000074], [121.05665967100003, 14.483758324000064], [121.05711592300008, 14.483817850000037], [121.05724671900009, 14.483847627000046], [121.05730811800004, 14.483882349000055], [121.0574054970001, 14.483971692000068], [121.05753380800002, 14.484076110000046], [121.05763635500011, 14.484081199000059], [121.05771320200006, 14.484071304000054], [121.05774416100007, 14.484135929000047], [121.05771316200003, 14.484294284000043], [121.05776462800009, 14.484382639000046], [121.05786200000011, 14.48443233200004], [121.05794407600001, 14.484437434000029], [121.05806211000004, 14.484407803000067], [121.05813909800008, 14.484378070000048], [121.0582777520001, 14.48431359500006], [121.05831884700001, 14.484268912000061], [121.05838040200001, 14.484258963000059], [121.05844695300004, 14.484278772000039], [121.05850325200004, 14.484313480000026], [121.058528851, 14.48437799800007], [121.0585442150001, 14.484442520000073], [121.05856469200012, 14.484502065000072], [121.05862606800008, 14.48453175700007], [121.05868265600009, 14.48458163600003], [121.05878508900003, 14.484611346000065], [121.05888748000007, 14.484695600000066], [121.0590102320001, 14.484750018000057], [121.05917460500007, 14.48479482600004], [121.05938405100005, 14.484829843000057], [121.0595485980001, 14.484864841000046], [121.05967202400006, 14.484929559000022], [121.05978021600004, 14.484984441000051], [121.05989369100007, 14.485064273000035], [121.05999508100001, 14.485164738000037], [121.06010340500006, 14.485189889000026], [121.06023248100007, 14.485190155000055], [121.06039792800004, 14.48518548100003], [121.06060575900005, 14.48516610400003], [121.0606765230001, 14.485132571000065], [121.06078715100011, 14.485081595000054], [121.0610160650001, 14.484961775000045], [121.06108391900011, 14.484906661000025], [121.06117248800001, 14.484901677000039], [121.06126607300007, 14.484911725000075], [121.06141656300008, 14.484921734000068], [121.0616605890001, 14.484966900000074], [121.06187840000007, 14.485027107000064], [121.06197391, 14.485082308000074], [121.06273375500007, 14.484664757000075], [121.06266980400005, 14.484627067000076], [121.06261479500006, 14.484519946000034], [121.06244388200003, 14.48421197700003], [121.06238886400001, 14.484072333000029], [121.06237705900003, 14.48398624500004], [121.06241040300006, 14.483859970000026], [121.06246143400006, 14.483783431000063], [121.06250657300006, 14.483706894000022], [121.0625183300001, 14.48362080000004], [121.06249072600008, 14.48321044000005], [121.06225510000002, 14.48319615400004], [121.06218627800001, 14.48284224300005], [121.062333523, 14.482775245000028], [121.06256914500011, 14.482775182000069], [121.06254944000011, 14.482526480000047], [121.06236290400011, 14.48251696400007], [121.06236287400009, 14.482411742000068], [121.06248521100008, 14.482368360000066], [121.06255428500003, 14.482296903000076], [121.0624904340001, 14.482167784000069], [121.06252471500011, 14.48188080500006], [121.0624166980001, 14.481794742000034], [121.06219580800007, 14.48180915000006], [121.06218095100007, 14.481340436000039], [121.06201403900002, 14.481287869000028], [121.06190107400005, 14.48105832300007], [121.06187158000012, 14.480910063000067], [121.0619764700001, 14.480828604000067], [121.06197254500012, 14.48081078000007], [121.06198722800002, 14.480703264000056], [121.06196861900003, 14.480648921000068], [121.06192051900007, 14.480374373000075], [121.06177797900011, 14.47970003200004], [121.06193139200002, 14.479676677000043], [121.0619283960001, 14.479661617000033], [121.06231300700006, 14.479618582000057], [121.06228828200005, 14.478968124000062], [121.06244681700002, 14.47891164400005], [121.06232885400004, 14.478359259000058], [121.06190910500004, 14.478158491000045], [121.06182805000003, 14.47793611000003], [121.06171011900005, 14.47749133800005], [121.06167324600005, 14.477283294000074], [121.06171787900007, 14.476972861000036], [121.06179821700005, 14.476558663000048], [121.06160652200003, 14.47562606100007], [121.06126770500009, 14.475181346000056], [121.06098047600005, 14.474908799000048], [121.0608625650001, 14.474528594000049], [121.06082569600005, 14.474327725000023], [121.06121598100003, 14.474133134000056], [121.0611599770001, 14.474001357000077], [121.0610464340001, 14.473782425000024], [121.0606341570001, 14.47394753900005], [121.06051626200008, 14.473617554000043], [121.06064140300009, 14.473517082000058], [121.06056768100007, 14.473172737000027], [121.0604424390001, 14.472900148000065], [121.06024360700007, 14.47277106200005], [121.0601183550001, 14.472462602000064], [121.05997842700003, 14.472333501000037], [121.0600519950001, 14.472111080000047], [121.0601918540001, 14.471981908000032], [121.05929284500007, 14.469177004000073], [121.05948421100004, 14.468933031000063], [121.05949887500003, 14.468703451000067], [121.05933679600003, 14.468330431000027], [121.05924105800011, 14.468244364000043], [121.05822356300007, 14.468556661000036], [121.05810770100004, 14.468519060000062], [121.05798629000003, 14.468357823000076], [121.05787041000008, 14.468250341000044], [121.05773248300011, 14.468218121000064], [121.05759458000011, 14.468282662000036], [121.05751183400002, 14.468304185000022], [121.05734070900007, 14.467890308000051], [121.0574896380001, 14.467798887000072], [121.05746538500011, 14.467687617000024], [121.05807749200005, 14.467247433000068], [121.05806272000007, 14.467068080000047], [121.0578638610001, 14.466809856000054], [121.05767979500001, 14.466809901000033], [121.05747838000002, 14.466928050000035], [121.05738463300008, 14.466723355000056], [121.05703322800002, 14.46686746000006], [121.0567812160001, 14.466861238000035], [121.05655411000009, 14.466921926000055], [121.05635323500007, 14.466995100000076], [121.05619728300007, 14.466995022000049], [121.0561014320001, 14.466980221000028], [121.05607221900004, 14.466974051000022], [121.05579235800008, 14.466852397000025], [121.05577340900004, 14.466838926000037], [121.05565234800008, 14.466774735000058], [121.05564040700006, 14.466752717000077], [121.05540660400004, 14.466773972000055], [121.05518555300011, 14.46687174400006], [121.05493899700002, 14.467058786000052], [121.05484547600008, 14.467237327000078], [121.05476895900006, 14.467373358000032], [121.0545989200001, 14.46754764700006], [121.05448414400007, 14.467641169000046], [121.054322608, 14.46763691800004], [121.05419082800006, 14.46763691800004], [121.05385878800007, 14.467517903000044], [121.05386535800005, 14.467333956000061], [121.05366170200011, 14.467205850000028], [121.05351060300006, 14.467189426000061], [121.0531952660001, 14.467212420000067], [121.0530813260001, 14.467296840000074], [121.05294529500009, 14.467318095000053], [121.05264347600007, 14.467326597000067], [121.05206959600002, 14.467475381000042], [121.05177897500005, 14.467429625000022], [121.05177138500005, 14.467449865000049], [121.05140372700009, 14.468430286000057], [121.05127526400008, 14.468768347000037], [121.05112473800011, 14.469181225000057], [121.05102509900007, 14.469556030000035], [121.050889417, 14.470064426000022], [121.05085944900009, 14.470330190000027], [121.05083718500009, 14.470562114000074], [121.05082226200011, 14.470904894000057], [121.05082201200003, 14.47099546000004], [121.0508474070001, 14.471907357000077], [121.05094841000005, 14.473774767000066], [121.05096248100006, 14.474099307000074], [121.0510028440001, 14.475170554000044], [121.05100881500005, 14.475342666000074], [121.05100438600005, 14.47562294100004], [121.05098741100005, 14.475980083000024], [121.05093382200005, 14.476378103000059], [121.0508746910001, 14.476639757000044], [121.05078169500007, 14.477003516000025], [121.05065411600003, 14.477370364000024], [121.05006500500008, 14.478670158000057], [121.04940916700002, 14.480069731000071], [121.04920971000001, 14.480502449000028], [121.04841433700005, 14.482240341000022], [121.04750722200004, 14.484153487000071], [121.04822049500001, 14.484182522000026], [121.04828689400006, 14.484827121000023], [121.04831077600011, 14.484867996000048], [121.04832977600006, 14.484937003000027], [121.04834810400007, 14.485003580000068], [121.0484437990001, 14.485465617000045], [121.04846037100003, 14.485539722000055], [121.04909409700008, 14.485435039000038], [121.04913948900003, 14.485602694000022], [121.04916439500005, 14.485686710000039], [121.04921266800011, 14.485766799000032], [121.04925435200005, 14.485837182000068], [121.04936118, 14.486019641000041], [121.04958573700003, 14.48632864900003], [121.0503871630001, 14.486083671000074]]]]}}, {"type": "Feature", "properties": {"ADM4_EN": "Bambang", "ADM4_PCODE": "PH1307607003", "ADM4_REF": null, "ADM3_EN": "Taguig City", "ADM3_PCODE": "PH1307607", "ADM2_EN": "Metropolitan Manila Fourth District", "ADM2_PCODE": "PH13076", "ADM1_EN": "National Capital Region (NCR)", "ADM1_PCODE": "PH13", "ADM0_EN": "Philippines (the)", "ADM0_PCODE": "PH", "date": "2022-11-09", "validOn": "2023-11-06", "validTo": null, "Shape_Leng": 0.03359116223, "Shape_Area": 3.550323e-05, "AREA_SQKM": 0.42340179421, "name": "Bambang"}, "geometry": {"type": "MultiPolygon", "coordinates": [[[[121.07203007900011, 14.527866596000024], [121.07242273000008, 14.52780778400006], [121.07265063500006, 14.527748962000032], [121.07277220100002, 14.527690102000065], [121.07298500400009, 14.527528178000068], [121.0731979300001, 14.527263144000074], [121.07328907300007, 14.526909759000034], [121.07333464800001, 14.526688869000054], [121.07342604000007, 14.526396414000033], [121.07351776200005, 14.52605767600005], [121.073532279, 14.52594472800007], [121.0735638970001, 14.525542789000042], [121.07356362300004, 14.525160195000069], [121.07356345300002, 14.52491408000003], [121.0735785380001, 14.524722842000074], [121.07362397300005, 14.524502139000049], [121.0733054640001, 14.524456647000022], [121.07117435300006, 14.524119429000052], [121.0706915290001, 14.523847236000051], [121.07036403000006, 14.523649211000077], [121.07006688100012, 14.523907147000045], [121.06978261100005, 14.524146804000054], [121.06899059200009, 14.523254068000028], [121.06827451100003, 14.52246561000004], [121.06819266600007, 14.522387493000053], [121.06803655700003, 14.522287422000034], [121.06797691100007, 14.522299566000072], [121.06791334000002, 14.522299608000026], [121.06768037200004, 14.522297214000048], [121.06767088800007, 14.521801330000073], [121.06774055100004, 14.521702211000047], [121.06775974900006, 14.52162082500007], [121.06776745700006, 14.521520857000041], [121.06778680500008, 14.52090720600006], [121.06719390800004, 14.520926510000038], [121.06676308600004, 14.52094011500003], [121.0662152000001, 14.520963792000032], [121.06600180900011, 14.521153133000041], [121.0659473720001, 14.521112600000038], [121.06585104800001, 14.521124805000056], [121.06569195400004, 14.52113291300003], [121.06504712000003, 14.521165341000028], [121.06457391200001, 14.521181564000074], [121.06451528900004, 14.521201834000067], [121.06193311900006, 14.521118874000024], [121.06201311600012, 14.522254234000059], [121.06621422400008, 14.523131066000076], [121.06620383300003, 14.523571465000032], [121.0661874430001, 14.523846433000074], [121.0661430130001, 14.524155949000033], [121.06610962800005, 14.524333820000038], [121.06607624300011, 14.524560177000069], [121.06603175200007, 14.524729922000063], [121.06598727100004, 14.52489158000003], [121.06594835700002, 14.525047820000054], [121.06589833400005, 14.525174143000072], [121.06583498700002, 14.525293348000048], [121.06579845100009, 14.52535216900003], [121.06577025700005, 14.525397760000033], [121.06586371800006, 14.525468628000056], [121.06623372400009, 14.52574039500007], [121.06650632800006, 14.52593151900004], [121.06665741900008, 14.526016748000075], [121.06704514000012, 14.526205091000065], [121.06724216600003, 14.526326224000059], [121.06751499100005, 14.526497433000031], [121.068257388, 14.52699186700005], [121.06826992600008, 14.526968730000021], [121.06851375400004, 14.52680663500007], [121.06878828100002, 14.526718273000029], [121.0690781190001, 14.526688891000049], [121.0693831960001, 14.526762631000054], [121.06962686300005, 14.526895179000064], [121.06979419400011, 14.527101311000024], [121.06999181000003, 14.527278006000074], [121.0702503010001, 14.527513627000076], [121.07049358000006, 14.527675658000021], [121.07079778900004, 14.527764056000024], [121.07113265100008, 14.527837548000036], [121.07149828500008, 14.527878997000073], [121.07203007900011, 14.527866596000024]]]]}}, {"type": "Feature", "properties": {"ADM4_EN": "Calzada", "ADM4_PCODE": "PH1307607004", "ADM4_REF": null, "ADM3_EN": "Taguig City", "ADM3_PCODE": "PH1307607", "ADM2_EN": "Metropolitan Manila Fourth District", "ADM2_PCODE": "PH13076", "ADM1_EN": "National Capital Region (NCR)", "ADM1_PCODE": "PH13", "ADM0_EN": "Philippines (the)", "ADM0_PCODE": "PH", "date": "2022-11-09", "validOn": "2023-11-06", "validTo": null, "Shape_Leng": 0.07048635617, "Shape_Area": 0.00015062974, "AREA_SQKM": 1.79633697191, "name": "Calzada"}, "geometry": {"type": "MultiPolygon", "coordinates": [[[[121.07621783700006, 14.53660072100007], [121.07651965800005, 14.536542887000053], [121.07681429500008, 14.536422733000052], [121.07685512100011, 14.536406774000056], [121.07725215000005, 14.536173805000033], [121.07766561800008, 14.535917544000029], [121.07798826700002, 14.53575767600006], [121.0781376870001, 14.535683637000034], [121.07825778000006, 14.535629927000059], [121.07835614500004, 14.535592551000036], [121.07887845100004, 14.535493268000039], [121.0791755030001, 14.535468707000064], [121.07926020700006, 14.535485180000023], [121.07960205900008, 14.535608160000038], [121.08001479200004, 14.535765101000038], [121.08029902400006, 14.535865842000021], [121.08044314000006, 14.535939636000023], [121.08059882500004, 14.536063325000043], [121.0808273340001, 14.535899002000065], [121.08092602600004, 14.535831331000054], [121.08102387300005, 14.535757966000062], [121.0811176520001, 14.535663936000049], [121.08118594900009, 14.535577855000042], [121.08127981200005, 14.535446343000046], [121.08134419600003, 14.53533081200004], [121.08142507200012, 14.535182838000026], [121.08149491300003, 14.535033545000033], [121.08153745800007, 14.534885097000029], [121.0815536990001, 14.53472004400004], [121.08155704300009, 14.534571996000068], [121.08174304300007, 14.53458992700007], [121.08205662400007, 14.534593191000056], [121.08229208600005, 14.534595048000028], [121.08231381500002, 14.534475088000022], [121.08230914700005, 14.534435474000077], [121.08231065100006, 14.534314197000072], [121.08275033600012, 14.534034320000046], [121.08804297400002, 14.531391108000037], [121.08953817200006, 14.529785926000045], [121.09129995700005, 14.527892166000072], [121.09488781000005, 14.52405236800007], [121.09496351400003, 14.524101107000035], [121.09645882600012, 14.52255414900003], [121.09620749500004, 14.522171409000066], [121.09609449400011, 14.522108414000058], [121.09447449100003, 14.52143546700006], [121.09395249300007, 14.521839443000033], [121.09393882900008, 14.52184096600007], [121.09383482400006, 14.521060017000025], [121.09513882100009, 14.520420050000041], [121.09458881600005, 14.519616104000022], [121.09348982000006, 14.520148077000044], [121.09299156700001, 14.519052197000065], [121.09201619200007, 14.518967795000037], [121.0920022570001, 14.518859983000027], [121.09202239400008, 14.518694105000066], [121.09203244200012, 14.518459925000059], [121.09205258800012, 14.518372106000072], [121.09217350200004, 14.518079367000041], [121.08626672100002, 14.524455756000066], [121.08602676400005, 14.524696865000067], [121.08554440600005, 14.52525724700007], [121.08300015200007, 14.526356289000034], [121.08339569800012, 14.527504025000042], [121.08330886300007, 14.527518096000051], [121.08322471500003, 14.527532159000032], [121.08164415100009, 14.528037638000058], [121.08155311500002, 14.528057877000037], [121.08124184400003, 14.52816847400004], [121.08105494000006, 14.528220222000073], [121.08095409700002, 14.528247337000039], [121.08080463100009, 14.528283783000063], [121.0805514650001, 14.528339307000067], [121.07995270800006, 14.528418464000026], [121.07990173100006, 14.528918049000026], [121.07885270000008, 14.528890664000073], [121.0785196060001, 14.528760286000022], [121.07845226100005, 14.528858365000076], [121.07812603800005, 14.528975754000044], [121.07792644000006, 14.529055026000037], [121.07743228700008, 14.52919672400003], [121.07703028700007, 14.529435344000035], [121.07664451100004, 14.529645967000022], [121.07656798900007, 14.529381971000078], [121.0761946, 14.529587561000028], [121.07592998500002, 14.529724600000065], [121.0758730230001, 14.529752656000028], [121.07578761600007, 14.529765895000025], [121.07545199300012, 14.530226252000034], [121.07550834000006, 14.53035453800004], [121.07556897500001, 14.530381507000072], [121.07568548900008, 14.530404009000051], [121.07480985400002, 14.532195595000076], [121.0746869940001, 14.532540630000028], [121.07493819100011, 14.533261011000036], [121.07477735000009, 14.533463698000048], [121.07468477900011, 14.53351086300006], [121.07457759800002, 14.533543881000071], [121.07448995700008, 14.53357690200005], [121.07441224100012, 14.53365231600003], [121.0738901960001, 14.532956357000046], [121.0732494350001, 14.533610890000034], [121.07354378900004, 14.534141529000067], [121.07360972600009, 14.534260218000043], [121.073987783, 14.53495679200006], [121.074285787, 14.535581523000076], [121.07444305000001, 14.535917271000073], [121.07452428300007, 14.536095541000066], [121.07458843100005, 14.536071524000022], [121.074720038, 14.536082281000063], [121.07514354800003, 14.53629580200004], [121.0753273790001, 14.536381542000072], [121.07552475200009, 14.536489627000037], [121.0756735110001, 14.536551415000076], [121.0757883120001, 14.53658024200007], [121.07588612200004, 14.536600831000044], [121.07604348200005, 14.536613153000076], [121.07621783700006, 14.53660072100007]]]]}}, {"type": "Feature", "properties": {"ADM4_EN": "Cembo", "ADM4_PCODE": "PH1307602003", "ADM4_REF": null, "ADM3_EN": "City of Makati", "ADM3_PCODE": "PH1307602", "ADM2_EN": "Metropolitan Manila Fourth District", "ADM2_PCODE": "PH13076", "ADM1_EN": "National Capital Region (NCR)", "ADM1_PCODE": "PH13", "ADM0_EN": "Philippines (the)", "ADM0_PCODE": "PH", "date": "2022-11-09", "validOn": "2023-11-06", "validTo": null, "Shape_Leng": 0.0265596781, "Shape_Area": 3.627018e-05, "AREA_SQKM": 0.43247037673, "name": "Cembo"}, "geometry": {"type": "MultiPolygon", "coordinates": [[[[121.04951601500011, 14.568560597000044], [121.0496130360001, 14.568559850000042], [121.05041966400006, 14.56840210300004], [121.05092253500004, 14.56820003300004], [121.05139764300009, 14.567941174000055], [121.05150141600006, 14.567887627000061], [121.05195032900008, 14.567652816000077], [121.0525113430001, 14.567300561000025], [121.0530903020001, 14.566932975000043], [121.05358150900008, 14.566619584000023], [121.05418277000001, 14.566225922000058], [121.05431833000011, 14.566106041000069], [121.05461935400001, 14.56583983400003], [121.05451416500011, 14.565591360000042], [121.0544262950001, 14.564679008000041], [121.0543978820001, 14.564489682000044], [121.0543550430001, 14.564190860000053], [121.05428371200003, 14.563651243000038], [121.05425651300004, 14.563369052000041], [121.05418641500012, 14.562876689000063], [121.0540932020001, 14.562136851000048], [121.05408379800008, 14.561956770000052], [121.05408735500009, 14.561772972000028], [121.05409016700003, 14.561610304000055], [121.05408622100003, 14.561527444000035], [121.05385737100005, 14.561616222000055], [121.0537817070001, 14.561629651000032], [121.05371799000011, 14.561648235000064], [121.05367020300002, 14.561688058000072], [121.05357462800009, 14.561778323000055], [121.05350294700008, 14.561876553000047], [121.0534498500001, 14.56197478200005], [121.05340206200003, 14.562049118000061], [121.05334896500005, 14.562038499000039], [121.05327993900005, 14.56203053400003], [121.05321091200005, 14.562022570000067], [121.05317905400011, 14.562094251000076], [121.05312064700001, 14.56213672900003], [121.05305693100001, 14.562131419000025], [121.05297728500011, 14.562104870000042], [121.05287905500006, 14.562075667000045], [121.05279675500003, 14.562049118000061], [121.05273038300004, 14.562059738000073], [121.05260029500005, 14.562073012000042], [121.0525287370001, 14.562088499000026], [121.05245693300003, 14.562099561000025], [121.05234277400007, 14.562046463000058], [121.0522312700001, 14.561985402000062], [121.05211445600003, 14.561977437000053], [121.05197905900002, 14.561990711000021], [121.05187286400007, 14.562003986000036], [121.05178259900003, 14.562011950000056], [121.05171622800003, 14.562049118000061], [121.05163086400012, 14.562068357000044], [121.051564901, 14.56208894100007], [121.05149056500011, 14.562083631000064], [121.05144012300002, 14.562049118000061], [121.05140561000007, 14.562009295000053], [121.05139499000006, 14.561953543000072], [121.05140030000007, 14.56187920700006], [121.0514162290001, 14.56177301300005], [121.05140561000007, 14.56167743800006], [121.05138968000006, 14.561597793000033], [121.05134189300009, 14.561576554000055], [121.05126490200007, 14.561544695000066], [121.05119853100007, 14.561547350000069], [121.05112419500006, 14.561560625000027], [121.05103393000002, 14.561512837000066], [121.05096755800002, 14.561459740000032], [121.05086667400008, 14.561417262000077], [121.05077375400003, 14.561366820000046], [121.05069676300002, 14.561342926000066], [121.05063039100003, 14.561345581000069], [121.05056667500003, 14.561303103000057], [121.050484374, 14.56129779400004], [121.05043393200003, 14.561308413000063], [121.05037552500005, 14.561382749000074], [121.05031446300006, 14.561435846000052], [121.05025497200006, 14.561464164000029], [121.05021223000006, 14.561468743000034], [121.05018068200002, 14.561442792000037], [121.05017457600002, 14.561351711000043], [121.05015524100008, 14.561275386000034], [121.05012165800008, 14.561231117000034], [121.050082986, 14.561250962000031], [121.0499985350001, 14.561271245000057], [121.04995605800002, 14.561340271000063], [121.04989234100003, 14.561380094000071], [121.04983393400005, 14.561414607000074], [121.04978880200008, 14.561454430000026], [121.04973673800009, 14.561464624000052], [121.04968924100001, 14.561550941000064], [121.04967094900007, 14.561583817000042], [121.0496120570001, 14.561671513000022], [121.04962396700012, 14.561753230000022], [121.04969268700006, 14.561826245000077], [121.04982583200001, 14.561890671000072], [121.04987307700003, 14.561955096000077], [121.04996327300012, 14.56205817600005], [121.04996327300012, 14.562208501000043], [121.04993750200003, 14.56234164700004], [121.04997186300011, 14.562466202000053], [121.05000622300008, 14.562577872000077], [121.05001481300008, 14.562711018000073], [121.04999698200004, 14.562758501000076], [121.04998905500008, 14.562777148000066], [121.04993111600004, 14.562933249000025], [121.04990211100005, 14.563136287000077], [121.04972807800004, 14.563324822000027], [121.04957218200002, 14.563453], [121.04932200300004, 14.563440843000024], [121.0490464510001, 14.563513357000033], [121.04897971500009, 14.563685985000063], [121.04890240500004, 14.563763295000058], [121.04875637500004, 14.563917916000037], [121.04865329400002, 14.56404247100005], [121.04857168900003, 14.564175616000057], [121.04850296900008, 14.564235746000065], [121.04846189500006, 14.564249587000063], [121.04836123400003, 14.564265811000041], [121.04830969300008, 14.564343122000025], [121.0482753330001, 14.564463382000042], [121.0482194980001, 14.564592232000052], [121.04819802300005, 14.56471249200007], [121.04818084300007, 14.564824163000026], [121.04809643300007, 14.564887098000042], [121.04798756800005, 14.56493583300005], [121.0479059600001, 14.56500026200007], [121.04783724200001, 14.565103338000029], [121.04780288200004, 14.565184944000066], [121.0478071770001, 14.565292319000037], [121.04777711200006, 14.565399694000064], [121.04774274800002, 14.565588674000026], [121.04774274200008, 14.56558870300006], [121.04766544200004, 14.565799130000073], [121.04763967200006, 14.565996701000074], [121.04760012200006, 14.566161212000054], [121.04753140200012, 14.566393143000028], [121.0474197320001, 14.566569238000056], [121.04727089700009, 14.566769613000076], [121.04716632600002, 14.566848414000049], [121.0471448510001, 14.566968674000066], [121.04713345700009, 14.567134689000056], [121.04714055600004, 14.567308704000027], [121.047119081, 14.567471915000056], [121.04710339200005, 14.567632910000043], [121.04709200500008, 14.56773892800004], [121.0470948410001, 14.567822321000051], [121.0470964750001, 14.567908767000063], [121.04709986900002, 14.568297716000075], [121.0474977990001, 14.568377716000043], [121.04802882700005, 14.568484474000059], [121.04833892900001, 14.568536256000073], [121.04884621300005, 14.568565749000072], [121.04951601500011, 14.568560597000044]]]]}}, {"type": "Feature", "properties": {"ADM4_EN": "Central Bicutan", "ADM4_PCODE": "PH1307607019", "ADM4_REF": null, "ADM3_EN": "Taguig City", "ADM3_PCODE": "PH1307607", "ADM2_EN": "Metropolitan Manila Fourth District", "ADM2_PCODE": "PH13076", "ADM1_EN": "National Capital Region (NCR)", "ADM1_PCODE": "PH13", "ADM0_EN": "Philippines (the)", "ADM0_PCODE": "PH", "date": "2022-11-09", "validOn": "2023-11-06", "validTo": null, "Shape_Leng": 0.04465957939, "Shape_Area": 7.185462e-05, "AREA_SQKM": 0.85704288875, "name": "Central Bicutan"}, "geometry": {"type": "MultiPolygon", "coordinates": [[[[121.05276890200003, 14.49646264200004], [121.05293399600009, 14.495869840000069], [121.05316087000006, 14.495087745000035], [121.05356261600002, 14.495187687000055], [121.05361436100009, 14.495034998000051], [121.0536674010001, 14.494884626000044], [121.05370867600004, 14.494767558000035], [121.05374975500001, 14.494652330000065], [121.05420635700011, 14.494717574000049], [121.05447216000005, 14.494765298000061], [121.05483472800006, 14.494831529000066], [121.05529096300006, 14.49487335200007], [121.0555038760001, 14.49490951000007], [121.05567492600005, 14.494934994000062], [121.05585762100009, 14.494968128000039], [121.05602431000011, 14.494997332000025], [121.05596219000006, 14.49532283600007], [121.05657520800003, 14.495407052000076], [121.05672938200007, 14.495402123000076], [121.05682751100005, 14.495365587000038], [121.05692089900003, 14.495338158000038], [121.0570329310001, 14.495365062000076], [121.05714967900008, 14.495391865000045], [121.05787156300005, 14.495452396000076], [121.05816682800003, 14.495479832000058], [121.05844822000006, 14.495502679000026], [121.05857465800011, 14.495475474000045], [121.05885091700009, 14.495402386000023], [121.05880327500006, 14.495222186000035], [121.05870040800005, 14.495163862000027], [121.05856922300006, 14.494939239000075], [121.05834287300002, 14.49456553500005], [121.05807530900006, 14.494206143000042], [121.05805459400005, 14.494120180000039], [121.05801795100001, 14.49390143100004], [121.05799358400009, 14.493748940000046], [121.05795850800007, 14.49364173600003], [121.05793505400004, 14.49359966000003], [121.05789307400005, 14.493499454000073], [121.05780015500011, 14.49327340900004], [121.05756988400003, 14.492833292000057], [121.05725841900005, 14.492336512000065], [121.05711896900004, 14.49213786100006], [121.05708114200002, 14.492081232000032], [121.05703119200007, 14.49202142400003], [121.05698333500004, 14.491945061000024], [121.05684815900008, 14.491719500000045], [121.05679587600002, 14.491654451000045], [121.05668153200008, 14.49145948100005], [121.05654987300011, 14.491180158000077], [121.056354542, 14.490692], [121.05618570500008, 14.490339305000077], [121.05591021100008, 14.48981425200003], [121.05583770100009, 14.489689135000049], [121.05546011000001, 14.488861192000059], [121.05540774100007, 14.488876403000063], [121.05463887200006, 14.489059853000072], [121.05448082200007, 14.489092304000053], [121.05313381400003, 14.489377112000057], [121.05291027700002, 14.489386959000058], [121.05254569100009, 14.489293888000077], [121.05254323300005, 14.489293287000066], [121.0518720120001, 14.489096765000056], [121.05190709300007, 14.487329246000058], [121.05191316800006, 14.486890076000066], [121.05192415600004, 14.486370743000066], [121.05191015300011, 14.485853220000024], [121.05190823200007, 14.485492968000074], [121.0515694820001, 14.485345442000039], [121.05142270600004, 14.485523843000067], [121.05115723100005, 14.485780911000063], [121.05124169300007, 14.485834902000022], [121.05082421600002, 14.485966964000056], [121.0507903570001, 14.486004168000022], [121.05059538500007, 14.486070420000033], [121.0503871630001, 14.486083671000074], [121.04958573700003, 14.48632864900003], [121.04900464800005, 14.486304506000067], [121.04858040300007, 14.486266043000057], [121.048249327, 14.486232415000075], [121.04801797200003, 14.486224505000052], [121.04714745800004, 14.487258171000065], [121.04690131600012, 14.487611293000043], [121.04684662500006, 14.487606852000056], [121.04678360600008, 14.487625156000036], [121.04675889500004, 14.487639117000072], [121.04672729900005, 14.487656971000035], [121.0467230480001, 14.487659214000075], [121.04669460000002, 14.487706589000027], [121.04668415000003, 14.487736979000033], [121.04674163200002, 14.487958494000054], [121.04686498400008, 14.488433850000035], [121.0470082710001, 14.489001028000075], [121.04703569000003, 14.489084954000077], [121.04699205500003, 14.48922116700004], [121.04722452300007, 14.490435553000054], [121.0472986200001, 14.491223899000033], [121.04731585900004, 14.491424255000027], [121.04738380900005, 14.49161654900007], [121.04749458900005, 14.491601991000039], [121.04761881000002, 14.49223511200006], [121.04762099900006, 14.492242155000042], [121.04772115000003, 14.492622752000045], [121.04768395300005, 14.493161066000027], [121.04809881100005, 14.493212931000073], [121.04871177100006, 14.493361614000037], [121.04931641100006, 14.493489235000027], [121.0504538020001, 14.493702824000025], [121.050816144, 14.493776836000052], [121.05101076200003, 14.494215742000051], [121.050938814, 14.494527001000051], [121.05085854900005, 14.49491120600004], [121.05073989400012, 14.495415399000024], [121.05059859000005, 14.495969607000063], [121.05047342800003, 14.496497543000032], [121.0503269410001, 14.497051598000041], [121.05054005400007, 14.497109278000039], [121.05088714200008, 14.497156400000051], [121.05146072000002, 14.49726824000004], [121.05196689800005, 14.497388197000078], [121.05213320300004, 14.497435405000033], [121.05230582600007, 14.497469652000063], [121.05245366800011, 14.497501191000026], [121.05276890200003, 14.49646264200004]]]]}}, {"type": "Feature", "properties": {"ADM4_EN": "Central Signal Village", "ADM4_PCODE": "PH1307607013", "ADM4_REF": null, "ADM3_EN": "Taguig City", "ADM3_PCODE": "PH1307607", "ADM2_EN": "Metropolitan Manila Fourth District", "ADM2_PCODE": "PH13076", "ADM1_EN": "National Capital Region (NCR)", "ADM1_PCODE": "PH13", "ADM0_EN": "Philippines (the)", "ADM0_PCODE": "PH", "date": "2022-11-09", "validOn": "2023-11-06", "validTo": null, "Shape_Leng": 0.04551399447, "Shape_Area": 6.022515e-05, "AREA_SQKM": 0.71827140523, "name": "Central Signal Village"}, "geometry": {"type": "MultiPolygon", "coordinates": [[[[121.05163226500008, 14.516162019000035], [121.05169903500007, 14.516032580000058], [121.05180496800006, 14.515824193000071], [121.05194092200009, 14.515553239000042], [121.05211707300009, 14.515208815000051], [121.05220493800005, 14.515031188000023], [121.05229177900003, 14.514892258000032], [121.05237703300008, 14.514763466000034], [121.05242477600007, 14.51469914300003], [121.05248634300006, 14.514632533000054], [121.05258025900002, 14.51457294000005], [121.0526532, 14.514532032000034], [121.052726645, 14.514514555000062], [121.05300947400008, 14.514927722000039], [121.05366100600008, 14.515926074000049], [121.0540039870001, 14.515715474000046], [121.05460872700007, 14.515375669000036], [121.05472179700007, 14.515265489000058], [121.05476705900003, 14.515221385000075], [121.05482387600011, 14.515204837000056], [121.05489226000009, 14.515221372000042], [121.05499459600003, 14.515276441000026], [121.05514769600006, 14.515281861000062], [121.05520156400007, 14.51526287400003], [121.05527591500004, 14.514709851000077], [121.0550790310001, 14.51449051000003], [121.05497267700002, 14.514109184000063], [121.05485671400004, 14.513837890000048], [121.05492471900004, 14.513787236000042], [121.0548998910001, 14.513621958000044], [121.05476411100005, 14.51290861700005], [121.05509265800004, 14.512855199000057], [121.05542587500008, 14.512793079000062], [121.05559198500009, 14.51278264800004], [121.0561977970001, 14.512759592000066], [121.05624808100004, 14.512753221000025], [121.05675035400009, 14.512723096000059], [121.05718284800002, 14.51270207500005], [121.05777181600001, 14.512622003000047], [121.05788990600001, 14.512613672000043], [121.05839169700005, 14.512616611000055], [121.05860721600004, 14.512630898000054], [121.05878679200009, 14.512627505000069], [121.05897075700011, 14.512627528000053], [121.05925641700003, 14.51262237900005], [121.0594052570001, 14.512619788000052], [121.059701904, 14.512594473000036], [121.05976870000006, 14.512583910000046], [121.05992378400003, 14.512553135000076], [121.06005220600002, 14.51252317500007], [121.06025178100003, 14.512457179000023], [121.06047649700008, 14.512349892000032], [121.06059281000012, 14.512292681000076], [121.06070466500012, 14.512239252000029], [121.06082418400001, 14.512164650000045], [121.0610465310001, 14.512044579000076], [121.06112272400003, 14.51198867000005], [121.0612065470001, 14.511925167000072], [121.06127146000006, 14.511842873000035], [121.06132883700002, 14.511752976000025], [121.06141699900002, 14.511599125000032], [121.06156298100007, 14.511427023000067], [121.06138120000003, 14.51139936100003], [121.06124370300006, 14.511378206000074], [121.06104660300002, 14.511372910000034], [121.06079963900004, 14.51139900100003], [121.06058541700008, 14.511418739000021], [121.06050604300003, 14.511078940000061], [121.0604541460001, 14.510740074000068], [121.06037875700008, 14.510290123000061], [121.06030138200003, 14.509581011000023], [121.06027848200006, 14.509351623000043], [121.06027212800007, 14.509234826000068], [121.060226026, 14.508829840000033], [121.06014645900007, 14.507943046000037], [121.05978611300009, 14.508004837000044], [121.05936726300001, 14.508071564000034], [121.05908023400002, 14.508107203000066], [121.05868200900011, 14.508174180000026], [121.058370308, 14.508223572000077], [121.05771636300005, 14.508295215000032], [121.05726870500007, 14.508311712000022], [121.0568330860001, 14.508392669000045], [121.0563255720001, 14.508565177000037], [121.0559505870001, 14.508692415000041], [121.05553494500009, 14.508855190000077], [121.055252418, 14.508362782000063], [121.05480076300012, 14.507542787000034], [121.05416554300007, 14.507811051000033], [121.05401227300001, 14.507407087000047], [121.05364656200004, 14.50735441300003], [121.05366448400002, 14.506999614000051], [121.0536964800001, 14.505896176000022], [121.05332601600003, 14.505881473000045], [121.0529905730001, 14.505873780000059], [121.05292921300008, 14.507289483000022], [121.0522595430001, 14.507222585000022], [121.051980436, 14.507188782000071], [121.05178616400008, 14.507138992000023], [121.05161827800009, 14.507073755000022], [121.05153824100012, 14.507058567000058], [121.05124930400007, 14.507644567000057], [121.05093213700002, 14.508252907000042], [121.05076955900006, 14.508560875000057], [121.0506296320001, 14.508809704000043], [121.05034352400003, 14.509304689000032], [121.0500880410001, 14.509772870000063], [121.04999087700003, 14.509957898000039], [121.04980943500004, 14.510311437000041], [121.04957763800007, 14.510759829000051], [121.04900478800005, 14.51173151100005], [121.05019202500011, 14.512270519000026], [121.05082025400009, 14.512630179000041], [121.051412722, 14.512941467000076], [121.05216015200006, 14.513328601000069], [121.05162354400011, 14.514521542000068], [121.05071911200002, 14.516012626000077], [121.05095512600008, 14.516086319000067], [121.0511106890001, 14.516173480000077], [121.05126269900006, 14.516259072000025], [121.05152021100002, 14.516391762000069], [121.05163226500008, 14.516162019000035]]]]}}, {"type": "Feature", "properties": {"ADM4_EN": "Comembo", "ADM4_PCODE": "PH1307602004", "ADM4_REF": null, "ADM3_EN": "City of Makati", "ADM3_PCODE": "PH1307602", "ADM2_EN": "Metropolitan Manila Fourth District", "ADM2_PCODE": "PH13076", "ADM1_EN": "National Capital Region (NCR)", "ADM1_PCODE": "PH13", "ADM0_EN": "Philippines (the)", "ADM0_PCODE": "PH", "date": "2022-11-09", "validOn": "2023-11-06", "validTo": null, "Shape_Leng": 0.02939721162, "Shape_Area": 2.580578e-05, "AREA_SQKM": 0.30772094184, "name": "Comembo"}, "geometry": {"type": "MultiPolygon", "coordinates": [[[[121.06353397900011, 14.552206685000044], [121.06354839200003, 14.552198009000051], [121.06357201600008, 14.552187390000029], [121.0636100800001, 14.552164456000071], [121.06363305600007, 14.552148914000043], [121.06366128900004, 14.552133396000045], [121.06374015500012, 14.552092212000048], [121.06388340400008, 14.552010513000027], [121.0639195220001, 14.551987994000058], [121.06394836000004, 14.551977444000045], [121.06397454500006, 14.55197193600003], [121.06400199000007, 14.551972763000038], [121.06406718500011, 14.551983346000043], [121.06408281800009, 14.551990416000024], [121.06411480400004, 14.551995703000046], [121.06413505000012, 14.551997745000051], [121.06416707400001, 14.551997972000038], [121.064242583, 14.552010513000027], [121.06432442000005, 14.552033799000071], [121.06434043200011, 14.552038355000036], [121.0643295320001, 14.55198183400006], [121.06431954100003, 14.551917179000043], [121.06430415500006, 14.551817614000072], [121.06429383600005, 14.551572113000077], [121.0643521820001, 14.551337181000065], [121.064398879, 14.55126206400007], [121.0644524920001, 14.551168791000066], [121.06465814800003, 14.550974601000064], [121.06491663800011, 14.55081632100007], [121.06515388800005, 14.550699113000064], [121.06550144000005, 14.550556315000051], [121.06577096400008, 14.550535799000045], [121.06599264200008, 14.550472656000068], [121.06626685200001, 14.550464297000076], [121.06662473200004, 14.550398037000036], [121.06692143400005, 14.550249655000073], [121.0671018170001, 14.550142099000027], [121.06728762800003, 14.549932151000064], [121.0673721610001, 14.549727560000065], [121.06744612400007, 14.549538239000071], [121.06746724900006, 14.549369455000033], [121.06746195000005, 14.549149527000054], [121.06740381500003, 14.548996093000028], [121.067282266, 14.548771058000057], [121.06712901500009, 14.548576712000056], [121.06693349700004, 14.548464204000027], [121.06671684300011, 14.548341468000046], [121.06646808800008, 14.548231390000069], [121.06627210900001, 14.548098883000023], [121.06614510300005, 14.547991887000023], [121.06596005000006, 14.547828970000069], [121.06582854700002, 14.547668420000036], [121.06577006300006, 14.547531850000041], [121.06570687400006, 14.547347905000038], [121.06570159700004, 14.547158916000058], [121.0657178350001, 14.546867145000022], [121.06571837600006, 14.546600358000035], [121.06570742000008, 14.546331989000066], [121.06563333100007, 14.54604082700007], [121.06542097800002, 14.545663671000057], [121.06541080800002, 14.545647090000045], [121.06540705600003, 14.545640452000043], [121.06540668100001, 14.545639805000064], [121.06532694900011, 14.545502256000077], [121.06515275900006, 14.545364451000069], [121.06496841800003, 14.545236547000059], [121.06481025500011, 14.545093226000063], [121.06463096700008, 14.544930301000022], [121.06450689700011, 14.544758932000036], [121.0644183180001, 14.544496043000038], [121.06439468300005, 14.544164570000078], [121.06435924100003, 14.543867387000034], [121.06435350200002, 14.543530566000072], [121.0642771140001, 14.543228573000022], [121.06412147700007, 14.542990475000067], [121.06407522500001, 14.542920465000066], [121.0638743720001, 14.542714198000056], [121.06367949700007, 14.542691244000025], [121.06341970900007, 14.542685540000036], [121.06324258600011, 14.542788420000022], [121.06308908500012, 14.54298274100006], [121.0629882290001, 14.543171031000043], [121.06293613200012, 14.543525867000028], [121.0629126980001, 14.543805820000046], [121.06284617200004, 14.544148722000045], [121.06275695600004, 14.54436045600005], [121.06265666700006, 14.544562327000051], [121.0624971530001, 14.544745424000041], [121.0623677420001, 14.544939733000035], [121.06226191700011, 14.545088194000073], [121.06216555000003, 14.545162554000058], [121.0622898690001, 14.545247347000043], [121.06242271700012, 14.545518462000075], [121.06254792100003, 14.545817541000076], [121.06268746, 14.545898838000028], [121.06272390200002, 14.54589724300007], [121.06277363600009, 14.545895647000066], [121.06284996900001, 14.545897249000063], [121.06294637200006, 14.545911666000052], [121.0628003490001, 14.546663633000037], [121.06273569500001, 14.547063656000034], [121.06260719900001, 14.547871719000057], [121.06153935800012, 14.548173678000069], [121.06117182300011, 14.548282808000067], [121.06118810700002, 14.548603078000042], [121.06120729500003, 14.548821282000063], [121.06118066600004, 14.548840190000021], [121.06116663000012, 14.548867061000067], [121.06115672300007, 14.548919285000068], [121.06110483100008, 14.549220835000028], [121.061085606, 14.549233911000044], [121.06108313800007, 14.549303055000053], [121.06096029700007, 14.54930521700004], [121.06095980000009, 14.549324715000068], [121.06095803300002, 14.549367632000042], [121.0609564780001, 14.549389079000036], [121.06094524500008, 14.549402403000045], [121.0609270870001, 14.54941298600005], [121.06092529000011, 14.549466577000032], [121.06092762100002, 14.549525566000057], [121.06092716300009, 14.549585870000044], [121.06108489400003, 14.549516270000026], [121.06141605800008, 14.549442113000055], [121.06141648800008, 14.54929032900003], [121.06192077700007, 14.549245901000063], [121.0622227450001, 14.549219357000027], [121.06231812600004, 14.549192559000062], [121.06276696500004, 14.549087265000026], [121.06290064900008, 14.549123438000038], [121.06375656700004, 14.549373618000061], [121.06368299500002, 14.549699461000046], [121.0636030500001, 14.550031794000063], [121.06353958200009, 14.550390435000054], [121.0634563750001, 14.55082924800007], [121.06339275800008, 14.551122251000038], [121.06337838700006, 14.55118828600007], [121.06331525600001, 14.551488910000046], [121.06330252100008, 14.551546582000071], [121.06325280100009, 14.551788055000031], [121.06324577300006, 14.55183373400007], [121.06323626200003, 14.551898296000047], [121.06322830300007, 14.551969107000048], [121.06322873500005, 14.552029332000075], [121.0632312780001, 14.552108237000027], [121.06323697100004, 14.552159581000069], [121.06330101300011, 14.552127935000044], [121.0633327590001, 14.552116889000047], [121.0633514970001, 14.552120131000038], [121.0633786410001, 14.552127810000059], [121.063396065, 14.552138564000074], [121.0634470660001, 14.552171495000039], [121.06346255800008, 14.552184150000073], [121.06348064300005, 14.55219934400003], [121.06349882500001, 14.55220388400005], [121.0635144260001, 14.552207151000061], [121.06353397900011, 14.552206685000044]]]]}}, {"type": "Feature", "properties": {"ADM4_EN": "East Rembo", "ADM4_PCODE": "PH1307602007", "ADM4_REF": null, "ADM3_EN": "City of Makati", "ADM3_PCODE": "PH1307602", "ADM2_EN": "Metropolitan Manila Fourth District", "ADM2_PCODE": "PH13076", "ADM1_EN": "National Capital Region (NCR)", "ADM1_PCODE": "PH13", "ADM0_EN": "Philippines (the)", "ADM0_PCODE": "PH", "date": "2022-11-09", "validOn": "2023-11-06", "validTo": null, "Shape_Leng": 0.03377795518, "Shape_Area": 4.515665e-05, "AREA_SQKM": 0.5384560793, "name": "East Rembo"}, "geometry": {"type": "MultiPolygon", "coordinates": [[[[121.06618175000006, 14.558542717000023], [121.06620320800005, 14.558478087000026], [121.06621668800005, 14.558407781000028], [121.06622524000011, 14.55835087500003], [121.06623220600011, 14.558290487000022], [121.06623386100011, 14.558211534000066], [121.0662306480001, 14.558140213000058], [121.06622305000008, 14.558080434000033], [121.06620496200003, 14.558004846000074], [121.06618556900003, 14.557942277000052], [121.06612719400005, 14.557808271000056], [121.06593866600008, 14.557499908000068], [121.0659983700001, 14.557453991000045], [121.06648230100006, 14.557143175000022], [121.06648409700006, 14.557142021000061], [121.06636410800002, 14.556924231000039], [121.06635933900009, 14.55691646300005], [121.06618183300009, 14.556627344000049], [121.06617858900006, 14.556622061000041], [121.06596124300006, 14.556402650000052], [121.06593331800002, 14.556369724000035], [121.06573928500006, 14.556140944000049], [121.06573853800012, 14.556140063000043], [121.06573843300009, 14.55613978200006], [121.06561834900003, 14.555818787000021], [121.06557910100003, 14.555715058000033], [121.06552303100011, 14.555549653000071], [121.06542771300008, 14.555260894000071], [121.06529822000005, 14.554872335000027], [121.06507648200011, 14.554365938000046], [121.06496691100006, 14.55411384000007], [121.06481011200003, 14.55372993900005], [121.06467204000012, 14.553524758000037], [121.06462542700001, 14.553376774000071], [121.06454746800011, 14.55311114500006], [121.06452958800003, 14.553001687000062], [121.06437685700007, 14.552206641000055], [121.06434043200011, 14.552038355000036], [121.06432442000005, 14.552033799000071], [121.064242583, 14.552010513000027], [121.06416707400001, 14.551997972000038], [121.06413505000012, 14.551997745000051], [121.06411480400004, 14.551995703000046], [121.06408281800009, 14.551990416000024], [121.06406718500011, 14.551983346000043], [121.06400199000007, 14.551972763000038], [121.06397454500006, 14.55197193600003], [121.06394836000004, 14.551977444000045], [121.0639195220001, 14.551987994000058], [121.06388340400008, 14.552010513000027], [121.06374015500012, 14.552092212000048], [121.06366128900004, 14.552133396000045], [121.06363305600007, 14.552148914000043], [121.0636100800001, 14.552164456000071], [121.06357201600008, 14.552187390000029], [121.06354839200003, 14.552198009000051], [121.06353397900011, 14.552206685000044], [121.0635144260001, 14.552207151000061], [121.06349882500001, 14.55220388400005], [121.06348064300005, 14.55219934400003], [121.06346255800008, 14.552184150000073], [121.0634470660001, 14.552171495000039], [121.063396065, 14.552138564000074], [121.0633786410001, 14.552127810000059], [121.0633514970001, 14.552120131000038], [121.0633327590001, 14.552116889000047], [121.06330101300011, 14.552127935000044], [121.06323697100004, 14.552159581000069], [121.0632312780001, 14.552108237000027], [121.06322873500005, 14.552029332000075], [121.06322830300007, 14.551969107000048], [121.06323626200003, 14.551898296000047], [121.06324577300006, 14.55183373400007], [121.06325280100009, 14.551788055000031], [121.06330252100008, 14.551546582000071], [121.06331525600001, 14.551488910000046], [121.06337838700006, 14.55118828600007], [121.06339275800008, 14.551122251000038], [121.0634563750001, 14.55082924800007], [121.06353958200009, 14.550390435000054], [121.0636030500001, 14.550031794000063], [121.06368299500002, 14.549699461000046], [121.06375656700004, 14.549373618000061], [121.06290064900008, 14.549123438000038], [121.06276696500004, 14.549087265000026], [121.06231812600004, 14.549192559000062], [121.0622227450001, 14.549219357000027], [121.06192077700007, 14.549245901000063], [121.06141648800008, 14.54929032900003], [121.06141605800008, 14.549442113000055], [121.06108489400003, 14.549516270000026], [121.06092716300009, 14.549585870000044], [121.06092762100002, 14.549525566000057], [121.06092529000011, 14.549466577000032], [121.0609270870001, 14.54941298600005], [121.06094524500008, 14.549402403000045], [121.0609564780001, 14.549389079000036], [121.06095803300002, 14.549367632000042], [121.06095980000009, 14.549324715000068], [121.06096029700007, 14.54930521700004], [121.06108313800007, 14.549303055000053], [121.061085606, 14.549233911000044], [121.06110483100008, 14.549220835000028], [121.06115672300007, 14.548919285000068], [121.06116663000012, 14.548867061000067], [121.06118066600004, 14.548840190000021], [121.06120729500003, 14.548821282000063], [121.06118810700002, 14.548603078000042], [121.06117182300011, 14.548282808000067], [121.06040444200005, 14.548510867000061], [121.0601241390001, 14.549700809000058], [121.05981281900006, 14.549817869000037], [121.0597684810001, 14.549827680000021], [121.05973633700012, 14.549832636000076], [121.05968319600004, 14.54982188100007], [121.05962837900006, 14.549795361000065], [121.05958491400008, 14.549783005000052], [121.05952736000006, 14.549789674000067], [121.05947545300012, 14.549791742000025], [121.05942860500011, 14.549809770000024], [121.05938079600003, 14.549833911000064], [121.05936650800004, 14.549845761000029], [121.0593255770001, 14.54987029800003], [121.05929347500012, 14.549898365000047], [121.059266438, 14.549936863000028], [121.05925836900008, 14.549966899000026], [121.05924626800004, 14.550057897000045], [121.05925276200003, 14.550117877000048], [121.05925765500001, 14.550170162000029], [121.059267223, 14.550240526000039], [121.05926891800004, 14.55028074300003], [121.05926697200005, 14.550298718000022], [121.0592538200001, 14.55033106600007], [121.05922497000006, 14.550354371000026], [121.05919173500001, 14.550380440000026], [121.05905762800012, 14.550475648000031], [121.05893062200005, 14.550658182000063], [121.05915146900008, 14.550953485000036], [121.05933766300006, 14.551207889000068], [121.05923003900011, 14.551435011000024], [121.05905048600005, 14.55174884400003], [121.0588398650001, 14.552116978000072], [121.0588431320001, 14.55324740900005], [121.05920578500002, 14.553861632000064], [121.05922702100008, 14.554593472000022], [121.0592743950001, 14.55503126900004], [121.05940181300002, 14.555232198000056], [121.05952759800005, 14.555307342000049], [121.05967462000001, 14.555490302000067], [121.05987391500003, 14.555612820000022], [121.06016142400006, 14.555722269000057], [121.06044729900009, 14.555924832000073], [121.0607314020001, 14.556132751000064], [121.0607533000001, 14.55612336400003], [121.06078347400012, 14.556121829000062], [121.06080718700002, 14.556128148000028], [121.0608260250001, 14.556146220000073], [121.0608350440001, 14.556168909000064], [121.06083996600012, 14.55619305600004], [121.06083512700002, 14.556215575000067], [121.06082219600012, 14.556233360000022], [121.06080603800001, 14.556241812000053], [121.06077050300007, 14.557309640000028], [121.06156294700008, 14.557781013000067], [121.06163155200011, 14.557727601000067], [121.0619017030001, 14.557995343000073], [121.06235112800005, 14.55787593100007], [121.063043719, 14.557732636000026], [121.063401956, 14.557695727000066], [121.06358186300008, 14.557709326000065], [121.06363728800011, 14.557712507000076], [121.06367205100003, 14.557722437000052], [121.06369993100009, 14.55774467200007], [121.06372903800002, 14.557790393000062], [121.06374865200007, 14.557844016000047], [121.06377063900004, 14.557952512000043], [121.06402950000006, 14.557965774000024], [121.06433080200009, 14.557953418000068], [121.06475273100011, 14.557967996000059], [121.06503110000006, 14.558094439000058], [121.06529544000011, 14.558182577000025], [121.06558751400007, 14.55834765700007], [121.0658189830001, 14.55848444000003], [121.06590904300003, 14.558548785000028], [121.06613668500006, 14.558646768000074], [121.06618175000006, 14.558542717000023]]]]}}, {"type": "Feature", "properties": {"ADM4_EN": "Fort Bonifacio", "ADM4_PCODE": "PH1307607020", "ADM4_REF": null, "ADM3_EN": "Taguig City", "ADM3_PCODE": "PH1307607", "ADM2_EN": "Metropolitan Manila Fourth District", "ADM2_PCODE": "PH13076", "ADM1_EN": "National Capital Region (NCR)", "ADM1_PCODE": "PH13", "ADM0_EN": "Philippines (the)", "ADM0_PCODE": "PH", "date": "2022-11-09", "validOn": "2023-11-06", "validTo": null, "Shape_Leng": 0.07245499214, "Shape_Area": 0.00012700272, "AREA_SQKM": 1.51453970845, "name": "Fort Bonifacio"}, "geometry": {"type": "MultiPolygon", "coordinates": [[[[121.04698798600009, 14.541464736000023], [121.0469310090001, 14.537134453000021], [121.04646101700007, 14.53564360100006], [121.04641781400005, 14.535553890000074], [121.04630755100004, 14.535347701000035], [121.04620503800004, 14.535173487000066], [121.04609159600011, 14.53501454600007], [121.04601537500002, 14.534917306000068], [121.0459366130001, 14.534841197000048], [121.04585935000011, 14.534778808000056], [121.04578423900011, 14.534725149000053], [121.04566630900001, 14.534644738000054], [121.04556872500007, 14.534592154000052], [121.04547780000007, 14.534545759000025], [121.04538754300006, 14.534515588000033], [121.04526148200011, 14.534490492000032], [121.04520525700002, 14.534486849000075], [121.04496386400001, 14.53447582900003], [121.04460239500008, 14.534501662000025], [121.04448448300002, 14.534512606000021], [121.04366180500006, 14.53456981200003], [121.04270331600003, 14.534634377000032], [121.04226894600004, 14.534661160000041], [121.04208895400006, 14.534674452000047], [121.04166629400004, 14.534706245000052], [121.04132222600003, 14.534727640000028], [121.04089306100002, 14.534755766000046], [121.04026269100007, 14.534795298000063], [121.04007426800001, 14.534805595000023], [121.03982526000004, 14.534814462000043], [121.03955122700006, 14.534803830000044], [121.03919340100003, 14.534766053000055], [121.03895308300002, 14.534725243000025], [121.03880585900004, 14.534694036000076], [121.0386065990001, 14.534640203000038], [121.03832284100008, 14.53456004700007], [121.03822076200004, 14.534523344000036], [121.03814051800009, 14.534491225000068], [121.0379859630001, 14.534430692000058], [121.03782063400001, 14.534348998000041], [121.03762808200008, 14.534240216000057], [121.03742161100001, 14.534117861000027], [121.03731256200001, 14.534037100000035], [121.03696846100001, 14.53377084300007], [121.03665852900008, 14.533508318000031], [121.03662845600002, 14.533476545000042], [121.03611793000005, 14.533002520000025], [121.0359851720001, 14.532882566000069], [121.03554194600008, 14.532482251000033], [121.03492242700008, 14.531918672000074], [121.03436979700007, 14.531370034000076], [121.03419632700002, 14.531190107000043], [121.03382190800005, 14.530812294000043], [121.03363416400009, 14.530622501000039], [121.03341939400002, 14.530361490000075], [121.03328720700006, 14.530162064000024], [121.03322199600007, 14.530035681000072], [121.03318414500006, 14.529964595000024], [121.03312284900005, 14.52983273700005], [121.03286729600006, 14.529286442000057], [121.03275255000005, 14.529069828000047], [121.03268078700012, 14.528960277000067], [121.03254936000008, 14.528800770000032], [121.03240518900009, 14.528672191000055], [121.0322734670001, 14.528571055000043], [121.03219972600004, 14.52852733900005], [121.03208608000011, 14.528449901000045], [121.03175134300011, 14.528233863000025], [121.0314580480001, 14.52804532500005], [121.03128139000012, 14.52793516500003], [121.0311016280001, 14.527835135000032], [121.03082764600003, 14.527706243000068], [121.03009396100003, 14.527405817000044], [121.02948327500008, 14.527157364000061], [121.0293767170001, 14.527111812000044], [121.0288909840001, 14.526907376000054], [121.02876244700008, 14.52685006400003], [121.02857396400009, 14.526752798000075], [121.02832318800006, 14.526575066000078], [121.02801144000011, 14.526323792000028], [121.02790059000006, 14.526236580000045], [121.02763080000011, 14.526027419000059], [121.027392372, 14.525858607000032], [121.02732160300002, 14.525805609000031], [121.02720448100001, 14.525707780000062], [121.0271365860001, 14.52564903700005], [121.02702616800002, 14.525560745000064], [121.02702515700003, 14.525560004000056], [121.026976181, 14.525524225000026], [121.02690470800007, 14.525429872000075], [121.02684417300009, 14.525382340000021], [121.0267062040001, 14.52526970200006], [121.02653537100002, 14.52514936800003], [121.02648386400006, 14.525113354000041], [121.02623403300004, 14.52494665200004], [121.02606046000005, 14.524772970000072], [121.02602154400006, 14.524731118000034], [121.02597245800007, 14.524673346000043], [121.02554266000004, 14.524310634000074], [121.0222366910001, 14.530536428000062], [121.02232892500001, 14.530608220000033], [121.02236465100009, 14.53063553000004], [121.02243305500008, 14.530688663000035], [121.02257806800003, 14.530803968000043], [121.02268102500011, 14.53083530300006], [121.0229137980001, 14.530830827000045], [121.02297563800005, 14.53081276200004], [121.02304361400002, 14.530812921000063], [121.02309076800009, 14.530834692000042], [121.023133142, 14.530880067000055], [121.02322714700006, 14.531139698000061], [121.02327191100005, 14.531206845000042], [121.02334844100005, 14.531207494000057], [121.02343067700008, 14.53119104700005], [121.02388830100006, 14.531144695000023], [121.02396575300008, 14.531139698000061], [121.02411795100011, 14.531153128000028], [121.02424329100006, 14.531144175000065], [121.02426567300006, 14.531273991000035], [121.02424776700002, 14.531457523000029], [121.02427496500002, 14.53149257900003], [121.02431998100008, 14.531505780000032], [121.02481224000007, 14.53143775500007], [121.02486706400009, 14.531448720000071], [121.0248999580001, 14.531498061000036], [121.02493019400004, 14.531824048000033], [121.02496136800005, 14.532101083000043], [121.02498219400002, 14.532134019000068], [121.02501496900004, 14.532154684000034], [121.02514003800002, 14.532176124000046], [121.02526619600008, 14.532186612000032], [121.02561980900009, 14.532186543000023], [121.02607289500008, 14.532154344000048], [121.02626894900004, 14.532139044000076], [121.02645219100009, 14.53210017400005], [121.02651239300008, 14.532098977000032], [121.02656324600002, 14.53212793800003], [121.02660211600005, 14.532164031000036], [121.02666566500011, 14.532244183000046], [121.02676819100009, 14.532414093000057], [121.02686523800003, 14.532545393000078], [121.02706503200011, 14.532700270000078], [121.02715299200008, 14.532792419000032], [121.02735404500004, 14.532943209000052], [121.02750064500003, 14.532997660000035], [121.02773101800005, 14.533039546000055], [121.02793207000002, 14.533077244000026], [121.02812997600006, 14.533146584000065], [121.02832358400008, 14.533243387000027], [121.028495614, 14.533343997000031], [121.02863720900007, 14.533443947000023], [121.02876726800002, 14.533574134000048], [121.028853561, 14.533676212000046], [121.02891638900007, 14.533785116000047], [121.0289875950001, 14.533877265000058], [121.02905461300008, 14.533923339000069], [121.02913419600009, 14.53394428200005], [121.02920959100004, 14.533940094000059], [121.02928079700007, 14.53394428200005], [121.02934362600001, 14.533994545000041], [121.02937713400001, 14.534044808000033], [121.02941483200004, 14.534107637000034], [121.02944415200011, 14.534187220000035], [121.02948184900004, 14.534245861000045], [121.02952792400004, 14.534304501000065], [121.0295907530001, 14.534333821000075], [121.02968709000004, 14.534354764000057], [121.02979180500006, 14.534342198000047], [121.02989664600011, 14.534324363000053], [121.02999704600006, 14.534317067000075], [121.03004185100008, 14.534332430000063], [121.03006779800012, 14.53436074800004], [121.03009413400002, 14.53451907300007], [121.03011013800005, 14.53458932500007], [121.0301478350001, 14.53463540000007], [121.03019809800003, 14.534673097000052], [121.03031351700008, 14.534704807000026], [121.03048941600002, 14.534728814000061], [121.03069235200007, 14.534777812000073], [121.03085151900007, 14.534811321000063], [121.03100649700002, 14.534865772000046], [121.03115090900008, 14.534906288000059], [121.0312109140001, 14.53492598400004], [121.03127191400006, 14.534930489000033], [121.03134136400001, 14.534890863000044], [121.03141712000001, 14.53480141700004], [121.03151392300003, 14.534680412000057], [121.03167752400009, 14.534479444000056], [121.0317359180001, 14.534453435000046], [121.03180797400012, 14.534449340000037], [121.03228461900005, 14.534529617000032], [121.03235987900007, 14.534529617000032], [121.03241506900008, 14.534509548000074], [121.03302718100008, 14.534163353000054], [121.03327934300012, 14.53399865800003], [121.03344863500001, 14.533932557000071], [121.0335130740001, 14.533926043000065], [121.0335690500001, 14.53393757400005], [121.03360672600002, 14.533964324000067], [121.03379299900007, 14.53421142600007], [121.03386507200003, 14.53428376900007], [121.03396240600011, 14.534340497000073], [121.03412597200008, 14.534414219000041], [121.03425642200011, 14.534474426000031], [121.03434673400011, 14.534509548000074], [121.034401924, 14.534554703000026], [121.03471263600011, 14.535001990000069], [121.03483032300005, 14.535148850000041], [121.03496386300003, 14.535317335000059], [121.03507926100008, 14.535442767000063], [121.0351545210001, 14.535518027000023], [121.03523479800003, 14.535583252000038], [121.03531507500009, 14.535608339000078], [121.03538531700008, 14.535633425000071], [121.03546559400002, 14.53567858100007], [121.03577666700005, 14.535809031000042], [121.03587701300012, 14.535829100000058], [121.03597736000006, 14.535834118000025], [121.03606265400003, 14.53583913500006], [121.03630348500008, 14.535864222000043], [121.03639379600008, 14.535884291000059], [121.03657441900009, 14.535964568000054], [121.03694068300001, 14.53614519100006], [121.03700590800008, 14.536165260000075], [121.03707113300004, 14.53616024300004], [121.03713635800011, 14.53614519100006], [121.03722667000011, 14.53605989700003], [121.03732199900003, 14.536004706000028], [121.0373872240001, 14.535979620000035], [121.03746750100004, 14.536009724000053], [121.0375678470001, 14.536064914000065], [121.03767822800012, 14.536105052000039], [121.03778860900002, 14.536140174000025], [121.03795418000004, 14.536200381000072], [121.03811473400003, 14.536255572000073], [121.03823514900012, 14.536325814000065], [121.03832044400008, 14.536386022000045], [121.03836058200011, 14.536456264000037], [121.03836058200011, 14.536526507000076], [121.03841075500009, 14.536591732000034], [121.0384508940001, 14.536641905000067], [121.03850608400012, 14.536677026000064], [121.03857632600011, 14.536687060000077], [121.03863151700011, 14.53672719900004], [121.03864155100007, 14.536787407000077], [121.03862650000008, 14.53685764900007], [121.03867165500003, 14.536902805000068], [121.03869674200007, 14.536978064000039], [121.0387368800001, 14.53703325500004], [121.03881214000012, 14.537113532000035], [121.03894823100006, 14.537236690000043], [121.03906802300003, 14.537319242000024], [121.03922857700002, 14.537444674000028], [121.03929380200009, 14.537514917000067], [121.03933835700002, 14.537605342000063], [121.039312117, 14.53768406000006], [121.03925868100009, 14.537800903000061], [121.03929380200009, 14.538026682000066], [121.03941421700006, 14.538483258000042], [121.03944432100002, 14.538623742000027], [121.0394393040001, 14.538784296000074], [121.03941421700006, 14.538904712000033], [121.03933406500005, 14.539063738000038], [121.03932390600005, 14.539150560000053], [121.03935902700005, 14.53920073300003], [121.03941421700006, 14.539281010000025], [121.03949449400011, 14.539331183000058], [121.03956473700009, 14.539371322000022], [121.03960989200004, 14.539476685000068], [121.03960989200004, 14.539627204000055], [121.03962996200005, 14.53975263700005], [121.03970020400004, 14.539832914000044], [121.03981058500005, 14.539863018000062], [121.040001243, 14.539883087000021], [121.04016681400003, 14.539873053000065], [121.04029726400006, 14.539893122000024], [121.04040262700005, 14.53991319100004], [121.0404829040001, 14.539963364000073], [121.04054813000005, 14.540003503000037], [121.04057823300002, 14.540108866000026], [121.04061335500012, 14.540199178000023], [121.04069864900009, 14.540299524000034], [121.0407889600001, 14.54033464500003], [121.04090937600006, 14.54035973200007], [121.04101473900005, 14.540384818000064], [121.0411150860001, 14.54043499200003], [121.04120038000008, 14.540505234000022], [121.0412756400001, 14.540590528000052], [121.04146128000002, 14.54066578800007], [121.04168705900008, 14.540715961000046], [121.04243206500007, 14.540711738000027], [121.04259519200002, 14.540645719000054], [121.04267546900007, 14.540545372000054], [121.042790867, 14.54043499200003], [121.04292633500006, 14.54037478400005], [121.0431119750001, 14.540354715000035], [121.04328256400004, 14.540429974000062], [121.04343308300008, 14.54048014700004], [121.04357356800006, 14.540545372000054], [121.0439398310001, 14.540771151000058], [121.04410540300012, 14.540891567000074], [121.0442458870001, 14.54090160100003], [121.04436630300006, 14.540866480000034], [121.04441647600004, 14.54084139400004], [121.04450177000001, 14.540796238000041], [121.0446071340001, 14.540766134000023], [121.04472253200004, 14.540796238000041], [121.04479779200005, 14.540856446000078], [121.04490315500004, 14.540946757000029], [121.04503360500007, 14.541057138000042], [121.04515402100003, 14.541107311000076], [121.04523931500012, 14.54118758800007], [121.04527945300003, 14.541282917000046], [121.04527945300003, 14.541423402000078], [121.04529450500002, 14.541518731000053], [121.04532962700011, 14.541593990000024], [121.0454246160001, 14.541658200000029], [121.04548648100001, 14.54172006500005], [121.04556072000003, 14.541757184000062], [121.04562258500005, 14.541750997000065], [121.04569682300007, 14.54176337000007], [121.0457958070001, 14.54176337000007], [121.04587004500002, 14.541775743000073], [121.04595665700003, 14.541819049000026], [121.04599996200011, 14.541887101000043], [121.04601852200005, 14.541986085000076], [121.04601233500011, 14.542078883000045], [121.04601852200005, 14.542165494000074], [121.046037081, 14.542227359000037], [121.04621030400006, 14.54239439500003], [121.04639399500002, 14.542844201000037], [121.04698798600009, 14.541464736000023]]]]}}, {"type": "Feature", "properties": {"ADM4_EN": "Hagonoy", "ADM4_PCODE": "PH1307607005", "ADM4_REF": null, "ADM3_EN": "Taguig City", "ADM3_PCODE": "PH1307607", "ADM2_EN": "Metropolitan Manila Fourth District", "ADM2_PCODE": "PH13076", "ADM1_EN": "National Capital Region (NCR)", "ADM1_PCODE": "PH13", "ADM0_EN": "Philippines (the)", "ADM0_PCODE": "PH", "date": "2022-11-09", "validOn": "2023-11-06", "validTo": null, "Shape_Leng": 0.07602200687, "Shape_Area": 0.0001982958, "AREA_SQKM": 2.36496074358, "name": "Hagonoy"}, "geometry": {"type": "MultiPolygon", "coordinates": [[[[121.0760075610001, 14.517318208000063], [121.07630269200001, 14.517149270000061], [121.07788154000002, 14.516246113000022], [121.07866576900005, 14.515781900000036], [121.08077604700009, 14.513808400000073], [121.08192867900004, 14.512790128000063], [121.08286401600003, 14.511942029000068], [121.08402284100009, 14.510948761000066], [121.08477993300005, 14.510261692000029], [121.08598504400004, 14.508239290000063], [121.08607347800012, 14.508260994000068], [121.08687203700003, 14.506781291000038], [121.08682171200007, 14.506731882000054], [121.08666418000007, 14.50658704500006], [121.08650185500005, 14.506447319000074], [121.08633491300009, 14.506312855000033], [121.0861635340001, 14.506183798000052], [121.08598790300005, 14.506060288000072], [121.08580820700001, 14.50594245600007], [121.0856246410001, 14.50583043000006], [121.08543740200003, 14.505724330000078], [121.08524669300004, 14.505624271000045], [121.08504668300009, 14.505539897000062], [121.08484391700006, 14.50546201700007], [121.084638616, 14.505390717000068], [121.08443100700003, 14.505326075000028], [121.08422131600003, 14.50526816100006], [121.08400977200006, 14.505217039000058], [121.08379660800006, 14.505172765000054], [121.08358205700006, 14.505135387000053], [121.08336635400008, 14.505104946000074], [121.083149735, 14.505081476000043], [121.08293243700007, 14.505065003000027], [121.08271470000011, 14.505055543000026], [121.08249676000003, 14.505053109000073], [121.08227885600002, 14.505057702000045], [121.08206122800004, 14.50506931700005], [121.08184411400009, 14.505087943000035], [121.08162775100004, 14.505113557000072], [121.0814123770001, 14.50514613200005], [121.06932934800011, 14.506686393000052], [121.06932584600008, 14.506680159000041], [121.069202732, 14.506753795000066], [121.0690533820001, 14.50684340500004], [121.06888162900009, 14.50694795100003], [121.06765815400001, 14.507735300000036], [121.06725378800002, 14.507980047000046], [121.0666770360001, 14.508312052000065], [121.06620392200011, 14.508632988000045], [121.0659010070001, 14.508801911000035], [121.06547836800007, 14.509031028000038], [121.06531335600005, 14.509175199000026], [121.06516830100009, 14.509298813000044], [121.06499206, 14.509499599000037], [121.06485239200003, 14.509659395000028], [121.06479457700004, 14.509849054000028], [121.06469049900011, 14.510266626000032], [121.06449530100008, 14.510318891000054], [121.06441560400003, 14.510361115000023], [121.06438308200006, 14.51041039200004], [121.06437601400012, 14.510480818000076], [121.06438346700008, 14.510551280000072], [121.06441280900003, 14.510653517000037], [121.0644636400001, 14.510843029000057], [121.0643074620001, 14.511070603000064], [121.06422001900012, 14.511133743000073], [121.06411816200011, 14.511196852000069], [121.06398024100008, 14.511252951000074], [121.06380237600001, 14.511308971000062], [121.06364598000005, 14.511347171000068], [121.06348988600007, 14.511378326000056], [121.06328031600003, 14.511417245000075], [121.06309209200003, 14.511441870000056], [121.06299246300011, 14.511447129000032], [121.06273474500006, 14.511464584000066], [121.06206116800001, 14.511497719000033], [121.0617075990001, 14.51151505100006], [121.06175991400005, 14.51170899300007], [121.06190845300011, 14.512148800000034], [121.06193328100005, 14.512223925000058], [121.06210842000007, 14.512681720000046], [121.0614695270001, 14.513372132000029], [121.06146139700002, 14.51348476100003], [121.06198768900003, 14.513534136000033], [121.06198027700009, 14.513619653000035], [121.06196552100005, 14.513880001000075], [121.06201784100006, 14.513879702000054], [121.06254238000008, 14.513963622000063], [121.06285776100003, 14.514034965000064], [121.06305370700011, 14.51408527600006], [121.06322714400005, 14.513934974000051], [121.0638196320001, 14.513457008000046], [121.06446553, 14.512917155000025], [121.06465589100003, 14.512734473000023], [121.06491562100007, 14.512488977000032], [121.06502493900007, 14.512388294000061], [121.06521929100006, 14.512913452000078], [121.0644987390001, 14.513516314000071], [121.064558, 14.513708209000072], [121.0641193780001, 14.513881170000047], [121.06384987700005, 14.51398268500003], [121.06374009000001, 14.514053346000026], [121.06336878700006, 14.514349867000021], [121.0630671020001, 14.514734051000062], [121.06274945900009, 14.515161891000048], [121.06262884000012, 14.515341336000063], [121.06250967100004, 14.515529686000036], [121.06241417000001, 14.51569210200006], [121.06236878800007, 14.515926756000056], [121.062285373, 14.516194014000064], [121.06221365700003, 14.516413936000049], [121.0621569440001, 14.516668253000034], [121.0621305630001, 14.516863663000038], [121.06206970100004, 14.51708836000006], [121.06202336900003, 14.517329541000038], [121.06202193400009, 14.517568510000046], [121.06253304900008, 14.517511470000045], [121.06400954800006, 14.51721193000003], [121.06620724700008, 14.516777876000049], [121.06743568400009, 14.516345397000066], [121.06755715200006, 14.516589354000075], [121.06815125000003, 14.516365026000074], [121.06797918000007, 14.515875837000067], [121.06793899500008, 14.515701700000022], [121.06776896600002, 14.51526556500005], [121.06991530000005, 14.514159069000073], [121.07072356600008, 14.515292087000034], [121.07097108900007, 14.51573466800005], [121.07162029500012, 14.51530705600004], [121.07226462900007, 14.51633152200003], [121.07282316900012, 14.517176323000058], [121.07340183000008, 14.516884148000031], [121.07463730600011, 14.516285057000061], [121.07480638400011, 14.516629475000059], [121.07519605300001, 14.517320007000023], [121.07523651800011, 14.517364132000068], [121.07527610200009, 14.517568628000049], [121.0760075610001, 14.517318208000063]]]]}}, {"type": "Feature", "properties": {"ADM4_EN": "Ibayo-Tipas", "ADM4_PCODE": "PH1307607006", "ADM4_REF": null, "ADM3_EN": "Taguig City", "ADM3_PCODE": "PH1307607", "ADM2_EN": "Metropolitan Manila Fourth District", "ADM2_PCODE": "PH13076", "ADM1_EN": "National Capital Region (NCR)", "ADM1_PCODE": "PH13", "ADM0_EN": "Philippines (the)", "ADM0_PCODE": "PH", "date": "2022-11-09", "validOn": "2023-11-06", "validTo": null, "Shape_Leng": 0.0452739319, "Shape_Area": 7.359884e-05, "AREA_SQKM": 0.87765008434, "name": "Ibayo-Tipas"}, "geometry": {"type": "MultiPolygon", "coordinates": [[[[121.08105394200004, 14.547491449000063], [121.08109244600007, 14.547432314000048], [121.08192008300011, 14.547445663000076], [121.08357535500011, 14.547178684000073], [121.08425615300007, 14.547111939000047], [121.085137185, 14.547085241000048], [121.08775358300011, 14.546951751000051], [121.08778731600012, 14.546957214000031], [121.08780610400004, 14.54692129600005], [121.08782208900004, 14.545304730000055], [121.08823279300009, 14.545332307000024], [121.08873008700004, 14.545395189000033], [121.08927790500002, 14.545611740000027], [121.0897733160001, 14.545791419000068], [121.0900829410001, 14.545883547000074], [121.09040683600006, 14.54590651500007], [121.09074502300007, 14.545943310000041], [121.09077306300003, 14.545945207000045], [121.09008521800001, 14.542871098000035], [121.09000365500003, 14.541825209000024], [121.08998479200011, 14.541445582000051], [121.08997561600006, 14.54132267500006], [121.08994966600005, 14.541131352000036], [121.0898332810001, 14.54045278600006], [121.08972655800005, 14.540044972000032], [121.08959071400011, 14.539629644000058], [121.08947123300004, 14.539218578000032], [121.08923566800001, 14.538506761000065], [121.08911504800005, 14.538078536000057], [121.08865893000007, 14.536844476000056], [121.08813192200012, 14.535203784000032], [121.08790777500008, 14.53527413200004], [121.08768405800004, 14.535315934000039], [121.08745302200009, 14.535371901000076], [121.08720757600008, 14.535399951000045], [121.08696934900001, 14.535420945000055], [121.0867525430001, 14.535460241000067], [121.08660818600003, 14.535495039000068], [121.08644200900005, 14.53552327400007], [121.08627593100005, 14.535523845000057], [121.0861178340001, 14.535541918000035], [121.08585030100005, 14.535600652000028], [121.08569215900002, 14.535730083000033], [121.08564345800005, 14.535918416000072], [121.08561900400002, 14.536167792000072], [121.08566765100011, 14.536473818000047], [121.08605763700007, 14.53743724800006], [121.08621325000001, 14.537810657000023], [121.08632558700003, 14.538134287000048], [121.08636207300003, 14.538308950000044], [121.0863907270001, 14.538469974000066], [121.08636886800002, 14.538637896000068], [121.08633277800004, 14.538735803000066], [121.0862029970001, 14.53881272500007], [121.085929727, 14.53894368300007], [121.08555381200006, 14.53904992400004], [121.08485662400005, 14.539237738000054], [121.08439856900009, 14.539405147000025], [121.08386477800002, 14.539531467000074], [121.08339484500004, 14.539622209000072], [121.08317578800006, 14.53963894800006], [121.08296262400006, 14.539655769000035], [121.0826153490001, 14.539699588000076], [121.08239046300002, 14.53973303500004], [121.08199344700006, 14.53977804300007], [121.08138845500002, 14.53985960700004], [121.08120567800006, 14.539889068000036], [121.08117617800008, 14.539962575000061], [121.08116355800007, 14.540056492000076], [121.08115937200012, 14.540142240000023], [121.0811805080001, 14.540260644000057], [121.081286094, 14.540601184000025], [121.0813832020001, 14.540856828000074], [121.08141503400009, 14.540915795000046], [121.08146343700002, 14.541007973000035], [121.08154788500008, 14.54111824000006], [121.08166179600005, 14.541259816000036], [121.08177569400004, 14.541341431000035], [121.08193602600011, 14.541439369000045], [121.08211323100011, 14.541537302000052], [121.08241401500004, 14.541687893000073], [121.08279174200004, 14.54184605000006], [121.08299936700007, 14.541960603000064], [121.08314714900007, 14.542054497000038], [121.08329293500003, 14.542181377000077], [121.08337118200006, 14.542254753000066], [121.08344742000008, 14.542377509000062], [121.08349833600005, 14.542492177000042], [121.08351546000006, 14.542611043000022], [121.08352116300011, 14.542716541000061], [121.08350353900005, 14.542822255000033], [121.08344637400012, 14.542991286000074], [121.08337149700003, 14.54313649200003], [121.08323651, 14.543262535000054], [121.08311814100011, 14.543352503000051], [121.0829430550001, 14.54344638300006], [121.0827678600001, 14.543515524000043], [121.0825525460001, 14.543577037000034], [121.08237093800005, 14.543589437000037], [121.08221049100007, 14.543581752000023], [121.08207100800007, 14.543537030000039], [121.08193146700012, 14.543467512000063], [121.08153079700003, 14.543191610000065], [121.08122049600001, 14.543013161000033], [121.08103499900005, 14.543366485000035], [121.08095934900007, 14.543574362000072], [121.08089925000002, 14.543771592000041], [121.08077890000004, 14.544087325000078], [121.0807377430001, 14.544244236000054], [121.08069636100004, 14.54442520200007], [121.08069629600004, 14.544548021000026], [121.08073452600001, 14.544676723000066], [121.08080407800003, 14.544850759000042], [121.08083016700004, 14.54489641500004], [121.08092004200012, 14.545086963000074], [121.08097705400007, 14.54524594000003], [121.08102125500011, 14.54542350500003], [121.08105280900008, 14.545662648000075], [121.08109075000004, 14.545932621000077], [121.08111608500008, 14.546186058000046], [121.08113828800003, 14.546315575000051], [121.08115416200008, 14.546429255000078], [121.08115418000011, 14.546552287000054], [121.08112563700001, 14.546665785000073], [121.08107171600011, 14.546764016000054], [121.08098923500006, 14.546899188000054], [121.0808940930001, 14.547021955000048], [121.080882513, 14.547072369000034], [121.08091065700012, 14.547172881000051], [121.08097919300008, 14.54735405100007], [121.08102857400002, 14.547530411000025], [121.08105394200004, 14.547491449000063]]]]}}, {"type": "Feature", "properties": {"ADM4_EN": "Katuparan", "ADM4_PCODE": "PH1307607021", "ADM4_REF": null, "ADM3_EN": "Taguig City", "ADM3_PCODE": "PH1307607", "ADM2_EN": "Metropolitan Manila Fourth District", "ADM2_PCODE": "PH13076", "ADM1_EN": "National Capital Region (NCR)", "ADM1_PCODE": "PH13", "ADM0_EN": "Philippines (the)", "ADM0_PCODE": "PH", "date": "2022-11-09", "validOn": "2023-11-06", "validTo": null, "Shape_Leng": 0.03581175362, "Shape_Area": 3.208335e-05, "AREA_SQKM": 0.38262675214, "name": "Katuparan"}, "geometry": {"type": "MultiPolygon", "coordinates": [[[[121.06130094200012, 14.523651829000073], [121.06201311600012, 14.522254234000059], [121.06193311900006, 14.521118874000024], [121.06191966500012, 14.520971123000038], [121.06190302100003, 14.520696677000046], [121.0618454370001, 14.520352012000046], [121.06188681000003, 14.519615286000032], [121.06202193400009, 14.517568510000046], [121.06202336900003, 14.517329541000038], [121.06206970100004, 14.51708836000006], [121.0621305630001, 14.516863663000038], [121.0621569440001, 14.516668253000034], [121.06221365700003, 14.516413936000049], [121.062285373, 14.516194014000064], [121.06236878800007, 14.515926756000056], [121.06241417000001, 14.51569210200006], [121.06250967100004, 14.515529686000036], [121.06262884000012, 14.515341336000063], [121.06274945900009, 14.515161891000048], [121.0630671020001, 14.514734051000062], [121.06336878700006, 14.514349867000021], [121.06374009000001, 14.514053346000026], [121.06384987700005, 14.51398268500003], [121.0641193780001, 14.513881170000047], [121.064558, 14.513708209000072], [121.0644987390001, 14.513516314000071], [121.06521929100006, 14.512913452000078], [121.06502493900007, 14.512388294000061], [121.06491562100007, 14.512488977000032], [121.06465589100003, 14.512734473000023], [121.06446553, 14.512917155000025], [121.0638196320001, 14.513457008000046], [121.06322714400005, 14.513934974000051], [121.06305370700011, 14.51408527600006], [121.06285776100003, 14.514034965000064], [121.06254238000008, 14.513963622000063], [121.06201784100006, 14.513879702000054], [121.06196552100005, 14.513880001000075], [121.06198027700009, 14.513619653000035], [121.06198768900003, 14.513534136000033], [121.06146139700002, 14.51348476100003], [121.06139341700009, 14.51348074300006], [121.06136107000009, 14.513475208000045], [121.06086693700001, 14.51344838600005], [121.06092260900004, 14.514003953000042], [121.0609605190001, 14.514326801000038], [121.06021704300008, 14.514691705000075], [121.05988903500008, 14.515196734000028], [121.05979683300006, 14.515819682000028], [121.05979673900003, 14.516363396000031], [121.05978201700009, 14.516762295000035], [121.0597816080001, 14.516928477000022], [121.05981791400006, 14.516977919000055], [121.05980920700006, 14.517331569000078], [121.05982186300002, 14.517688865000025], [121.05983252200008, 14.518004061000056], [121.05984076200002, 14.518294178000076], [121.05943329200011, 14.518309970000075], [121.05901597700006, 14.518296661000022], [121.05868642200005, 14.518270881000035], [121.05852284100001, 14.518299198000022], [121.05831773800003, 14.518351963000043], [121.05807723800001, 14.518388672000071], [121.05780300100002, 14.518371896000076], [121.057750639, 14.518530487000078], [121.05769969500011, 14.518644492000021], [121.05767317700008, 14.51871021200003], [121.05763332400011, 14.518817908000074], [121.05755074500007, 14.519127540000056], [121.05750486900001, 14.519360108000058], [121.0574002840001, 14.519769455000073], [121.05736727300007, 14.519918521000022], [121.0573176150001, 14.520078228000045], [121.05729498300002, 14.520162733000063], [121.057283417, 14.52021208800005], [121.05723407500011, 14.520452815000056], [121.0572053840001, 14.520592050000062], [121.05719178700008, 14.520780971000022], [121.05723287900003, 14.52101400600003], [121.05726293000009, 14.521111423000036], [121.05735325400008, 14.52123911700005], [121.05738762800001, 14.521282421000024], [121.05754582600002, 14.521475567000039], [121.05762726500006, 14.521546492000027], [121.05773549700007, 14.521619207000072], [121.05789214800006, 14.521688594000068], [121.05797958800008, 14.521711443000072], [121.05813759500006, 14.521748549000051], [121.05835446000003, 14.521767685000043], [121.05843073100004, 14.521766681000031], [121.05868217900002, 14.521768242000064], [121.05877838300012, 14.521760155000038], [121.05886599500002, 14.521773181000071], [121.0589844650001, 14.521803291000026], [121.05926394300002, 14.521951228000034], [121.05934295300005, 14.522010709000028], [121.05943068600004, 14.522104098000057], [121.0594832480001, 14.522184648000064], [121.05955328800007, 14.522282085000029], [121.0596320950001, 14.522374445000025], [121.05986167900005, 14.52267220400006], [121.06000678100008, 14.522840639000037], [121.06024186900004, 14.523145462000059], [121.06027547500003, 14.523192392000055], [121.06053931100007, 14.52359288200006], [121.06044334300009, 14.523817190000045], [121.0603868280001, 14.523968942000067], [121.0603452900001, 14.524189138000054], [121.06029765400001, 14.524395751000043], [121.06028945700007, 14.524725381000053], [121.06056723200004, 14.52479547300004], [121.06079479200002, 14.52487951300003], [121.06130094200012, 14.523651829000073]]]]}}, {"type": "Feature", "properties": {"ADM4_EN": "Ligid-Tipas", "ADM4_PCODE": "PH1307607007", "ADM4_REF": null, "ADM3_EN": "Taguig City", "ADM3_PCODE": "PH1307607", "ADM2_EN": "Metropolitan Manila Fourth District", "ADM2_PCODE": "PH13076", "ADM1_EN": "National Capital Region (NCR)", "ADM1_PCODE": "PH13", "ADM0_EN": "Philippines (the)", "ADM0_PCODE": "PH", "date": "2022-11-09", "validOn": "2023-11-06", "validTo": null, "Shape_Leng": 0.03014840523, "Shape_Area": 4.066118e-05, "AREA_SQKM": 0.48487427589, "name": "Ligid-Tipas"}, "geometry": {"type": "MultiPolygon", "coordinates": [[[[121.0808940930001, 14.547021955000048], [121.08098923500006, 14.546899188000054], [121.08107171600011, 14.546764016000054], [121.08112563700001, 14.546665785000073], [121.08115418000011, 14.546552287000054], [121.08115416200008, 14.546429255000078], [121.08113828800003, 14.546315575000051], [121.08111608500008, 14.546186058000046], [121.08109075000004, 14.545932621000077], [121.08105280900008, 14.545662648000075], [121.08102125500011, 14.54542350500003], [121.08097705400007, 14.54524594000003], [121.08092004200012, 14.545086963000074], [121.08083016700004, 14.54489641500004], [121.08080407800003, 14.544850759000042], [121.08073452600001, 14.544676723000066], [121.08069629600004, 14.544548021000026], [121.08069636100004, 14.54442520200007], [121.0807377430001, 14.544244236000054], [121.08077890000004, 14.544087325000078], [121.08089925000002, 14.543771592000041], [121.08095934900007, 14.543574362000072], [121.08103499900005, 14.543366485000035], [121.08122049600001, 14.543013161000033], [121.08153079700003, 14.543191610000065], [121.08193146700012, 14.543467512000063], [121.08207100800007, 14.543537030000039], [121.08221049100007, 14.543581752000023], [121.08237093800005, 14.543589437000037], [121.0825525460001, 14.543577037000034], [121.0827678600001, 14.543515524000043], [121.0829430550001, 14.54344638300006], [121.08311814100011, 14.543352503000051], [121.08323651, 14.543262535000054], [121.08337149700003, 14.54313649200003], [121.08344637400012, 14.542991286000074], [121.08350353900005, 14.542822255000033], [121.08352116300011, 14.542716541000061], [121.08351546000006, 14.542611043000022], [121.08349833600005, 14.542492177000042], [121.08344742000008, 14.542377509000062], [121.08337118200006, 14.542254753000066], [121.08329293500003, 14.542181377000077], [121.08314714900007, 14.542054497000038], [121.08299936700007, 14.541960603000064], [121.08279174200004, 14.54184605000006], [121.08241401500004, 14.541687893000073], [121.08211323100011, 14.541537302000052], [121.08193602600011, 14.541439369000045], [121.08177569400004, 14.541341431000035], [121.08166179600005, 14.541259816000036], [121.08154788500008, 14.54111824000006], [121.08146343700002, 14.541007973000035], [121.08141503400009, 14.540915795000046], [121.08111142300004, 14.54106276300007], [121.08089857400012, 14.540511566000077], [121.08085594700003, 14.54036938300004], [121.08079888700001, 14.540124760000026], [121.07991688400011, 14.540369275000046], [121.0793877640001, 14.539786630000037], [121.07937899700005, 14.53977605700004], [121.07931632000009, 14.53970526200004], [121.07921907500008, 14.539586188000044], [121.07895730000007, 14.53973026600005], [121.07841779300009, 14.539087449000021], [121.07701736900003, 14.53961547700004], [121.07653839000011, 14.540548966000074], [121.0763989190001, 14.540512309000064], [121.07608630200002, 14.540459936000047], [121.07605670200007, 14.540339008000046], [121.07572416900007, 14.540398236000044], [121.07585800200002, 14.541314352000029], [121.0751807480001, 14.541302873000063], [121.07437850800011, 14.543110306000074], [121.07473092200007, 14.543284271000061], [121.07515078900008, 14.543494205000059], [121.07542632700006, 14.543992798000033], [121.07560135800009, 14.544424529000025], [121.07562314000006, 14.54447827000007], [121.07574122800008, 14.544845654000028], [121.07604300800006, 14.545213038000043], [121.07639727100002, 14.545331126000065], [121.07676465500003, 14.545462334000035], [121.07730251700002, 14.545906640000055], [121.07741379400011, 14.545997993000071], [121.07805766000001, 14.546894164000037], [121.07818080900006, 14.546990791000042], [121.07831788700003, 14.546965946000057], [121.07878705000007, 14.546930915000075], [121.07907894400012, 14.546856071000036], [121.07934838400001, 14.546773742000028], [121.07960285600007, 14.54668392800005], [121.07984984300003, 14.546639022000022], [121.08007150200001, 14.54666790400006], [121.08034627000006, 14.546786722000036], [121.08054677500002, 14.546838705000027], [121.08078441200007, 14.546905540000068], [121.08085867400007, 14.546987228000035], [121.08086759600008, 14.547019092000028], [121.080882513, 14.547072369000034], [121.0808940930001, 14.547021955000048]]]]}}, {"type": "Feature", "properties": {"ADM4_EN": "Lower Bicutan", "ADM4_PCODE": "PH1307607008", "ADM4_REF": null, "ADM3_EN": "Taguig City", "ADM3_PCODE": "PH1307607", "ADM2_EN": "Metropolitan Manila Fourth District", "ADM2_PCODE": "PH13076", "ADM1_EN": "National Capital Region (NCR)", "ADM1_PCODE": "PH13", "ADM0_EN": "Philippines (the)", "ADM0_PCODE": "PH", "date": "2022-11-09", "validOn": "2023-11-06", "validTo": null, "Shape_Leng": 0.05100602244, "Shape_Area": 0.00010472355, "AREA_SQKM": 1.24909471699, "name": "Lower Bicutan"}, "geometry": {"type": "MultiPolygon", "coordinates": [[[[121.05957952100005, 14.497613659000024], [121.0599654770001, 14.497547527000052], [121.06038420700008, 14.497496994000073], [121.06115290200012, 14.497303429000056], [121.06160940300003, 14.497185268000067], [121.06210009200004, 14.497040495000022], [121.06232196300004, 14.496952300000032], [121.06231276100004, 14.496927552000045], [121.06258514700005, 14.496812631000068], [121.06451241800005, 14.496093378000069], [121.06463924500008, 14.496055330000047], [121.06477452700005, 14.496008827000026], [121.06509657200002, 14.49589510900006], [121.06489329400006, 14.495154795000076], [121.06460148700012, 14.494012976000022], [121.06423296900005, 14.492829328000028], [121.06393811800001, 14.49174729400005], [121.0636401480001, 14.49047693700004], [121.06315490600002, 14.48877318600006], [121.06272460200012, 14.488221285000066], [121.06253065300007, 14.488036678000071], [121.0624088830001, 14.487931488000072], [121.06234210200012, 14.487860720000072], [121.06226944500008, 14.487839695000048], [121.0621771220001, 14.487713453000026], [121.06215154400002, 14.48752597300006], [121.06225360200006, 14.487357590000045], [121.06217494500004, 14.486948201000075], [121.062178732, 14.486445046000028], [121.062106061, 14.486372367000058], [121.06202550900002, 14.486204032000046], [121.06204120600012, 14.486163852000061], [121.06210206900005, 14.486138966000055], [121.06210009100005, 14.486089225000057], [121.06212561000007, 14.48606052100007], [121.06216487800009, 14.486050945000045], [121.06219039200005, 14.48600884900003], [121.06221396, 14.486027974000024], [121.06225716200004, 14.486041355000054], [121.06232195900009, 14.486041338000064], [121.0623396200001, 14.486003070000038], [121.06231211200009, 14.485938031000046], [121.06234744400001, 14.485894020000046], [121.0625634060001, 14.485796393000044], [121.06262818900007, 14.485748547000071], [121.06278918700002, 14.485702589000027], [121.0628696770001, 14.485650913000029], [121.06287162400008, 14.485591606000071], [121.06284215900007, 14.485549525000067], [121.06282251800008, 14.485528485000032], [121.06286374500007, 14.48550360400003], [121.06294817100002, 14.485478710000052], [121.06300314300006, 14.485453825000036], [121.0630502570001, 14.485415550000027], [121.063060059, 14.485360066000055], [121.06293629700008, 14.485151568000049], [121.06311676900009, 14.485029661000056], [121.06319038000004, 14.48495431200007], [121.0631461700001, 14.484846710000056], [121.06312038700003, 14.484803672000055], [121.0629957330001, 14.484565759000077], [121.06274443100006, 14.484671049000042], [121.06273375500007, 14.484664757000075], [121.06197391, 14.485082308000074], [121.06187840000007, 14.485027107000064], [121.0616605890001, 14.484966900000074], [121.06141656300008, 14.484921734000068], [121.06126607300007, 14.484911725000075], [121.06117248800001, 14.484901677000039], [121.06108391900011, 14.484906661000025], [121.0610160650001, 14.484961775000045], [121.06078715100011, 14.485081595000054], [121.0606765230001, 14.485132571000065], [121.06060575900005, 14.48516610400003], [121.06039792800004, 14.48518548100003], [121.06023248100007, 14.485190155000055], [121.06010340500006, 14.485189889000026], [121.05999508100001, 14.485164738000037], [121.05989369100007, 14.485064273000035], [121.05978021600004, 14.484984441000051], [121.05967202400006, 14.484929559000022], [121.0595485980001, 14.484864841000046], [121.05938405100005, 14.484829843000057], [121.05917460500007, 14.48479482600004], [121.0590102320001, 14.484750018000057], [121.05888748000007, 14.484695600000066], [121.05878508900003, 14.484611346000065], [121.05868265600009, 14.48458163600003], [121.05862606800008, 14.48453175700007], [121.05856469200012, 14.484502065000072], [121.0585442150001, 14.484442520000073], [121.058528851, 14.48437799800007], [121.05850325200004, 14.484313480000026], [121.05844695300004, 14.484278772000039], [121.05838040200001, 14.484258963000059], [121.05831884700001, 14.484268912000061], [121.0582777520001, 14.48431359500006], [121.05813909800008, 14.484378070000048], [121.05806211000004, 14.484407803000067], [121.05794407600001, 14.484437434000029], [121.05786200000011, 14.48443233200004], [121.05776462800009, 14.484382639000046], [121.05771316200003, 14.484294284000043], [121.05774416100007, 14.484135929000047], [121.05771320200006, 14.484071304000054], [121.05763635500011, 14.484081199000059], [121.05753380800002, 14.484076110000046], [121.0574054970001, 14.483971692000068], [121.05730811800004, 14.483882349000055], [121.05724671900009, 14.483847627000046], [121.05711592300008, 14.483817850000037], [121.05665967100003, 14.483758324000064], [121.05658286000005, 14.483763209000074], [121.05654734300003, 14.483786914000063], [121.05651639000007, 14.483807572000046], [121.05646537700011, 14.483876618000068], [121.05636829700006, 14.483935693000035], [121.05627128300011, 14.483960225000033], [121.05616437600008, 14.483960252000031], [121.05607268200004, 14.48392573700005], [121.05599114900008, 14.483866564000039], [121.05574890500009, 14.483621843000037], [121.05556444400008, 14.483482980000076], [121.05552299300007, 14.483387641000036], [121.05545110300011, 14.483338490000051], [121.05538620200002, 14.483327536000047], [121.05529216500008, 14.483354384000052], [121.05517065300012, 14.483373133000043], [121.05514992700012, 14.483549303000075], [121.05504422500007, 14.483706819000076], [121.05490536200011, 14.483862263000049], [121.05483903900006, 14.483885061000024], [121.05475406300002, 14.48387884400006], [121.05467530500005, 14.483853973000066], [121.05459654700007, 14.483876771000041], [121.05454058700002, 14.483926513000029], [121.05448462700008, 14.483965892000072], [121.05449291800005, 14.484003199000028], [121.05443281300006, 14.484017707000078], [121.05438307100007, 14.48402392500003], [121.05431674800002, 14.484011489000068], [121.0542732240001, 14.48395552900007], [121.05418617500004, 14.483972110000025], [121.05410327200002, 14.483959675000051], [121.054117044, 14.48381629000005], [121.05407104400001, 14.483819290000042], [121.05406596500006, 14.48372340000003], [121.05398098900002, 14.483657077000032], [121.0538580440001, 14.483508290000032], [121.05383798100002, 14.483435310000061], [121.05373227900009, 14.48342287500003], [121.05364480800006, 14.483497794000073], [121.05355351900005, 14.48345858700003], [121.05344732500009, 14.483497825000029], [121.05322959900002, 14.483596067000065], [121.05304210800011, 14.48364256900004], [121.05290286700006, 14.483687221000025], [121.05272682500004, 14.483789439000077], [121.05268963800006, 14.483825214000035], [121.05264121000005, 14.483896918000028], [121.05249225200009, 14.484064442000033], [121.05234283100003, 14.484192060000055], [121.05213928300009, 14.484363780000024], [121.05198305400006, 14.484540345000028], [121.05189587500001, 14.484717011000043], [121.05190823200007, 14.485492968000074], [121.05191015300011, 14.485853220000024], [121.05192415600004, 14.486370743000066], [121.05191316800006, 14.486890076000066], [121.05190709300007, 14.487329246000058], [121.0518720120001, 14.489096765000056], [121.05254323300005, 14.489293287000066], [121.05254569100009, 14.489293888000077], [121.05291027700002, 14.489386959000058], [121.05313381400003, 14.489377112000057], [121.05448082200007, 14.489092304000053], [121.05463887200006, 14.489059853000072], [121.05540774100007, 14.488876403000063], [121.05546011000001, 14.488861192000059], [121.05583770100009, 14.489689135000049], [121.05591021100008, 14.48981425200003], [121.05618570500008, 14.490339305000077], [121.056354542, 14.490692], [121.05654987300011, 14.491180158000077], [121.05668153200008, 14.49145948100005], [121.05679587600002, 14.491654451000045], [121.05684815900008, 14.491719500000045], [121.05698333500004, 14.491945061000024], [121.05703119200007, 14.49202142400003], [121.05708114200002, 14.492081232000032], [121.05711896900004, 14.49213786100006], [121.05725841900005, 14.492336512000065], [121.05756988400003, 14.492833292000057], [121.05780015500011, 14.49327340900004], [121.05789307400005, 14.493499454000073], [121.05793505400004, 14.49359966000003], [121.05795850800007, 14.49364173600003], [121.05799358400009, 14.493748940000046], [121.05801795100001, 14.49390143100004], [121.05805459400005, 14.494120180000039], [121.05807530900006, 14.494206143000042], [121.05834287300002, 14.49456553500005], [121.05856922300006, 14.494939239000075], [121.05870040800005, 14.495163862000027], [121.05880327500006, 14.495222186000035], [121.05885091700009, 14.495402386000023], [121.058906309, 14.495658714000058], [121.0589364430001, 14.495869842000047], [121.05893782200008, 14.495875126000044], [121.0590005580001, 14.496110357000077], [121.0590017500001, 14.496118505000027], [121.0590466540001, 14.49642218400004], [121.05904694900005, 14.496428063000053], [121.05905771300002, 14.496639808000054], [121.05905815500012, 14.49664604800006], [121.05907416500008, 14.49694760400007], [121.05910031000008, 14.497260286000028], [121.05909578800004, 14.497721952000063], [121.05957952100005, 14.497613659000024]]]]}}, {"type": "Feature", "properties": {"ADM4_EN": "Maharlika Village", "ADM4_PCODE": "PH1307607009", "ADM4_REF": null, "ADM3_EN": "Taguig City", "ADM3_PCODE": "PH1307607", "ADM2_EN": "Metropolitan Manila Fourth District", "ADM2_PCODE": "PH13076", "ADM1_EN": "National Capital Region (NCR)", "ADM1_PCODE": "PH13", "ADM0_EN": "Philippines (the)", "ADM0_PCODE": "PH", "date": "2022-11-09", "validOn": "2023-11-06", "validTo": null, "Shape_Leng": 0.02571816236, "Shape_Area": 3.908832e-05, "AREA_SQKM": 0.46621049248, "name": "Maharlika Village"}, "geometry": {"type": "MultiPolygon", "coordinates": [[[[121.05764534000002, 14.501386060000073], [121.057909934, 14.50123605400006], [121.05811190100007, 14.501119792000054], [121.0582787400001, 14.501013099000033], [121.05856434400005, 14.500784143000033], [121.05862019500012, 14.500766965000025], [121.05871648000004, 14.500807093000049], [121.05892192300007, 14.500829605000035], [121.059115775, 14.500987767000026], [121.05936889300006, 14.50079392200007], [121.05933452500005, 14.50057862400007], [121.05925269400007, 14.500189049000028], [121.05918580700006, 14.49977414600005], [121.05911921500001, 14.499457011000061], [121.05914926300011, 14.499137193000024], [121.05914945400002, 14.498835923000058], [121.05911449100006, 14.498525825000058], [121.05911183400008, 14.498414468000021], [121.0591098220001, 14.498187938000058], [121.05910384700007, 14.498093188000041], [121.05908762000001, 14.497924339000065], [121.05909578800004, 14.497721952000063], [121.05910031000008, 14.497260286000028], [121.05907416500008, 14.49694760400007], [121.05905815500012, 14.49664604800006], [121.05905771300002, 14.496639808000054], [121.05904694900005, 14.496428063000053], [121.0590466540001, 14.49642218400004], [121.0590017500001, 14.496118505000027], [121.0590005580001, 14.496110357000077], [121.05893782200008, 14.495875126000044], [121.0589364430001, 14.495869842000047], [121.058906309, 14.495658714000058], [121.05885091700009, 14.495402386000023], [121.05857465800011, 14.495475474000045], [121.05844822000006, 14.495502679000026], [121.05816682800003, 14.495479832000058], [121.05787156300005, 14.495452396000076], [121.05714967900008, 14.495391865000045], [121.0570329310001, 14.495365062000076], [121.05692089900003, 14.495338158000038], [121.05682751100005, 14.495365587000038], [121.05672938200007, 14.495402123000076], [121.05657520800003, 14.495407052000076], [121.05596219000006, 14.49532283600007], [121.05602431000011, 14.494997332000025], [121.05585762100009, 14.494968128000039], [121.05567492600005, 14.494934994000062], [121.0555038760001, 14.49490951000007], [121.05529096300006, 14.49487335200007], [121.05483472800006, 14.494831529000066], [121.05447216000005, 14.494765298000061], [121.05420635700011, 14.494717574000049], [121.05374975500001, 14.494652330000065], [121.05370867600004, 14.494767558000035], [121.0536674010001, 14.494884626000044], [121.05361436100009, 14.495034998000051], [121.05356261600002, 14.495187687000055], [121.05316087000006, 14.495087745000035], [121.05293399600009, 14.495869840000069], [121.05276890200003, 14.49646264200004], [121.05245366800011, 14.497501191000026], [121.05210757400005, 14.49862100200005], [121.0519782990001, 14.49905387800004], [121.05192508700009, 14.499222166000038], [121.05180671300002, 14.499596542000063], [121.05169929100009, 14.499907170000029], [121.05165313900011, 14.500054100000057], [121.05211218900001, 14.500199759000054], [121.0526715630001, 14.500341565000042], [121.05299977600009, 14.500434830000074], [121.0531622090001, 14.500483315000054], [121.05325129800008, 14.500498191000077], [121.05393186800006, 14.500638802000026], [121.05427433200009, 14.500788410000041], [121.05479815300009, 14.500951771000075], [121.0548762630001, 14.500951607000047], [121.05539814300005, 14.501039032000051], [121.0555111650001, 14.501073721000068], [121.05655307000006, 14.501364856000066], [121.056686506, 14.50130301200005], [121.05699918100004, 14.501598383000044], [121.05722122400005, 14.501761671000054], [121.05764534000002, 14.501386060000073]]]]}}, {"type": "Feature", "properties": {"ADM4_EN": "Napindan", "ADM4_PCODE": "PH1307607010", "ADM4_REF": null, "ADM3_EN": "Taguig City", "ADM3_PCODE": "PH1307607", "ADM2_EN": "Metropolitan Manila Fourth District", "ADM2_PCODE": "PH13076", "ADM1_EN": "National Capital Region (NCR)", "ADM1_PCODE": "PH13", "ADM0_EN": "Philippines (the)", "ADM0_PCODE": "PH", "date": "2022-11-09", "validOn": "2023-11-06", "validTo": null, "Shape_Leng": 0.06406551288, "Shape_Area": 0.0001759033, "AREA_SQKM": 2.09767306508, "name": "Napindan"}, "geometry": {"type": "MultiPolygon", "coordinates": [[[[121.09437667500003, 14.546661313000072], [121.0946157950001, 14.545283160000054], [121.09474078500011, 14.545051716000046], [121.09502336700007, 14.544804492000026], [121.09561026400002, 14.544446805000064], [121.09603956500007, 14.544073339000022], [121.09633844300004, 14.543526290000045], [121.09640908400002, 14.542952940000077], [121.09630583, 14.542295426000067], [121.09618083900011, 14.541595826000048], [121.0961852260001, 14.541183697000065], [121.09628064200001, 14.54091653100005], [121.09684195600005, 14.540225683000074], [121.09723055800009, 14.539880259000029], [121.09772677700005, 14.53935776000003], [121.09825279300003, 14.538491019000048], [121.09861658900002, 14.537761749000026], [121.09891770200011, 14.537469397000052], [121.09936261500002, 14.537098828000069], [121.09997199000009, 14.536655646000042], [121.10085835500001, 14.536157066000044], [121.1018208910001, 14.535589239000046], [121.10245277100012, 14.535172117000059], [121.1024017950001, 14.535067111000046], [121.10258336700008, 14.534944976000077], [121.10312960100009, 14.532247055000028], [121.1033378410001, 14.531997657000034], [121.10384570800011, 14.530768855000076], [121.10264856800006, 14.527728515000035], [121.10247570600006, 14.524309028000062], [121.10210440800006, 14.524414682000042], [121.10220793300005, 14.524942508000038], [121.1024699400001, 14.526136431000054], [121.1015059450001, 14.527024380000057], [121.10126077600012, 14.527299584000048], [121.10105057100009, 14.52759091200005], [121.09950116400012, 14.525467872000036], [121.09785550700008, 14.526163668000038], [121.09770275800008, 14.525864634000072], [121.09559023100007, 14.528041108000025], [121.09496969700001, 14.528833242000076], [121.09478636500012, 14.529161032000047], [121.09465137500001, 14.529415573000051], [121.09430554900007, 14.529862491000074], [121.0940250650001, 14.53012334400006], [121.09395594500006, 14.530157905000067], [121.0936711810001, 14.530170081000051], [121.09351586000002, 14.530145142000038], [121.09316682300005, 14.530273105000049], [121.09267016500007, 14.530609251000044], [121.09158142000001, 14.532041494000055], [121.09141940300003, 14.532239249000042], [121.0912467070001, 14.532392655000024], [121.09105942500003, 14.532539215000043], [121.09088616500003, 14.532691491000037], [121.09072005700011, 14.532824360000063], [121.0905639990001, 14.53295828000006], [121.09044105300006, 14.533035462000043], [121.09023151300005, 14.53319732500006], [121.09010893800007, 14.533336705000067], [121.08998630300005, 14.533483133000061], [121.08984906100011, 14.533630235000032], [121.08963250300008, 14.533833727000058], [121.08949547800012, 14.534022444000072], [121.08937286800005, 14.534169099000053], [121.08922862100007, 14.534343688000035], [121.0890410940001, 14.534539230000064], [121.08889666800007, 14.534678878000022], [121.08875069100009, 14.534826697000028], [121.08859196300011, 14.534945091000054], [121.08843309200006, 14.53504287900006], [121.08830309000007, 14.535133790000032], [121.08813192200012, 14.535203784000032], [121.08865893000007, 14.536844476000056], [121.08911504800005, 14.538078536000057], [121.08923566800001, 14.538506761000065], [121.08947123300004, 14.539218578000032], [121.08959071400011, 14.539629644000058], [121.08972655800005, 14.540044972000032], [121.0898332810001, 14.54045278600006], [121.08994966600005, 14.541131352000036], [121.08997561600006, 14.54132267500006], [121.08998479200011, 14.541445582000051], [121.09000365500003, 14.541825209000024], [121.09008521800001, 14.542871098000035], [121.09077306300003, 14.545945207000045], [121.09128802100008, 14.545980051000072], [121.09223116600003, 14.546191879000048], [121.09436799700006, 14.546736230000022], [121.09437667500003, 14.546661313000072]]]]}}, {"type": "Feature", "properties": {"ADM4_EN": "New Lower Bicutan", "ADM4_PCODE": "PH1307607022", "ADM4_REF": null, "ADM3_EN": "Taguig City", "ADM3_PCODE": "PH1307607", "ADM2_EN": "Metropolitan Manila Fourth District", "ADM2_PCODE": "PH13076", "ADM1_EN": "National Capital Region (NCR)", "ADM1_PCODE": "PH13", "ADM0_EN": "Philippines (the)", "ADM0_PCODE": "PH", "date": "2022-11-09", "validOn": "2023-11-06", "validTo": null, "Shape_Leng": 0.04767519208, "Shape_Area": 9.78959e-05, "AREA_SQKM": 1.16758559781, "name": "New Lower Bicutan"}, "geometry": {"type": "MultiPolygon", "coordinates": [[[[121.06206116800001, 14.511497719000033], [121.06273474500006, 14.511464584000066], [121.06299246300011, 14.511447129000032], [121.06309209200003, 14.511441870000056], [121.06328031600003, 14.511417245000075], [121.06348988600007, 14.511378326000056], [121.06364598000005, 14.511347171000068], [121.06380237600001, 14.511308971000062], [121.06398024100008, 14.511252951000074], [121.06411816200011, 14.511196852000069], [121.06422001900012, 14.511133743000073], [121.0643074620001, 14.511070603000064], [121.0644636400001, 14.510843029000057], [121.06441280900003, 14.510653517000037], [121.06438346700008, 14.510551280000072], [121.06437601400012, 14.510480818000076], [121.06438308200006, 14.51041039200004], [121.06441560400003, 14.510361115000023], [121.06449530100008, 14.510318891000054], [121.06469049900011, 14.510266626000032], [121.06479457700004, 14.509849054000028], [121.06485239200003, 14.509659395000028], [121.06499206, 14.509499599000037], [121.06516830100009, 14.509298813000044], [121.06531335600005, 14.509175199000026], [121.06547836800007, 14.509031028000038], [121.0659010070001, 14.508801911000035], [121.06620392200011, 14.508632988000045], [121.0666770360001, 14.508312052000065], [121.06725378800002, 14.507980047000046], [121.06765815400001, 14.507735300000036], [121.06888162900009, 14.50694795100003], [121.0690533820001, 14.50684340500004], [121.069202732, 14.506753795000066], [121.06932584600008, 14.506680159000041], [121.06880540500003, 14.505753611000046], [121.06813269400004, 14.504713517000027], [121.0678121090001, 14.504039413000044], [121.06738414200004, 14.503185316000042], [121.06713224600003, 14.50257231300003], [121.06677292900008, 14.50156325100005], [121.06635828700007, 14.500125533000073], [121.06621991600002, 14.499115201000052], [121.06619834000003, 14.498783398000057], [121.066084767, 14.49861603200003], [121.06586681200008, 14.49823645600003], [121.06547902300008, 14.497175834000075], [121.06530790000011, 14.496766716000025], [121.06519122300006, 14.49623981600007], [121.06509657200002, 14.49589510900006], [121.06477452700005, 14.496008827000026], [121.06463924500008, 14.496055330000047], [121.06451241800005, 14.496093378000069], [121.06258514700005, 14.496812631000068], [121.06231276100004, 14.496927552000045], [121.06232196300004, 14.496952300000032], [121.06210009200004, 14.497040495000022], [121.06160940300003, 14.497185268000067], [121.06115290200012, 14.497303429000056], [121.06038420700008, 14.497496994000073], [121.0599654770001, 14.497547527000052], [121.05957952100005, 14.497613659000024], [121.05909578800004, 14.497721952000063], [121.05908762000001, 14.497924339000065], [121.05910384700007, 14.498093188000041], [121.0591098220001, 14.498187938000058], [121.05911183400008, 14.498414468000021], [121.05911449100006, 14.498525825000058], [121.05914945400002, 14.498835923000058], [121.05914926300011, 14.499137193000024], [121.05911921500001, 14.499457011000061], [121.05918580700006, 14.49977414600005], [121.05925269400007, 14.500189049000028], [121.05933452500005, 14.50057862400007], [121.05936889300006, 14.50079392200007], [121.05939317600007, 14.500905756000066], [121.05940023100004, 14.501236468000059], [121.05940595200002, 14.501306365000062], [121.05947197500006, 14.501389546000041], [121.0597120760001, 14.501668477000067], [121.05977739900004, 14.50173677500004], [121.0598334340001, 14.501796545000047], [121.05987013900005, 14.501851703000057], [121.0601557120001, 14.502147861000026], [121.06024808900008, 14.50223735000003], [121.06030122800007, 14.50229951600005], [121.06010707700011, 14.502569089000076], [121.06033032100004, 14.502752820000069], [121.06039602300007, 14.502803924000034], [121.06049648500004, 14.502886714000056], [121.0606126130001, 14.50302187400007], [121.0607317250001, 14.50320617500006], [121.06098733200008, 14.503587087000028], [121.0609683560001, 14.503644816000076], [121.06091232000006, 14.503667122000024], [121.0606890900001, 14.503653385000064], [121.06043994800007, 14.50356718100005], [121.06018737800002, 14.50345763100006], [121.05995754700007, 14.503372670000033], [121.0598459470001, 14.503555414000061], [121.05981235600007, 14.503695856000036], [121.05981235400009, 14.503823202000035], [121.05982578700002, 14.503993007000076], [121.05984258, 14.504188962000057], [121.059933698, 14.504190018000031], [121.05995052300011, 14.504578793000064], [121.05994407300011, 14.50485393300005], [121.05995038600008, 14.505171222000058], [121.06000058300003, 14.505174401000033], [121.060239324, 14.505177899000046], [121.06045349500005, 14.50516904500006], [121.06068613900004, 14.505155442000046], [121.06087932300011, 14.505154531000073], [121.06117450800002, 14.505121447000022], [121.06132296800001, 14.505105214000025], [121.06140554800004, 14.505105062000041], [121.06156158100009, 14.50609578700005], [121.06143379800005, 14.50612767900003], [121.06097093300002, 14.506232156000067], [121.06081973800008, 14.506251992000045], [121.06074086400008, 14.506266808000078], [121.06063181900004, 14.506285126000023], [121.06039654200003, 14.506311007000022], [121.06020261800006, 14.506334452000033], [121.06023151000011, 14.50672183000006], [121.06028264200006, 14.507071309000025], [121.06019661700009, 14.507431994000058], [121.06014645900007, 14.507943046000037], [121.060226026, 14.508829840000033], [121.06027212800007, 14.509234826000068], [121.06027848200006, 14.509351623000043], [121.06030138200003, 14.509581011000023], [121.06037875700008, 14.510290123000061], [121.0604541460001, 14.510740074000068], [121.06050604300003, 14.511078940000061], [121.06058541700008, 14.511418739000021], [121.06079963900004, 14.51139900100003], [121.06104660300002, 14.511372910000034], [121.06124370300006, 14.511378206000074], [121.06138120000003, 14.51139936100003], [121.06156298100007, 14.511427023000067], [121.06160552600011, 14.51141670000004], [121.06166883100002, 14.511402348000047], [121.0617075990001, 14.51151505100006], [121.06206116800001, 14.511497719000033]]]]}}, {"type": "Feature", "properties": {"ADM4_EN": "North Daang Hari", "ADM4_PCODE": "PH1307607023", "ADM4_REF": null, "ADM3_EN": "Taguig City", "ADM3_PCODE": "PH1307607", "ADM2_EN": "Metropolitan Manila Fourth District", "ADM2_PCODE": "PH13076", "ADM1_EN": "National Capital Region (NCR)", "ADM1_PCODE": "PH13", "ADM0_EN": "Philippines (the)", "ADM0_PCODE": "PH", "date": "2022-11-09", "validOn": "2023-11-06", "validTo": null, "Shape_Leng": 0.01800291199, "Shape_Area": 9.15132e-06, "AREA_SQKM": 0.10915525058, "name": "North Daang Hari"}, "geometry": {"type": "MultiPolygon", "coordinates": [[[[121.04669460000002, 14.487706589000027], [121.0467230480001, 14.487659214000075], [121.04672729900005, 14.487656971000035], [121.04675889500004, 14.487639117000072], [121.04678360600008, 14.487625156000036], [121.04684662500006, 14.487606852000056], [121.04690131600012, 14.487611293000043], [121.04714745800004, 14.487258171000065], [121.04801797200003, 14.486224505000052], [121.048249327, 14.486232415000075], [121.04858040300007, 14.486266043000057], [121.04900464800005, 14.486304506000067], [121.04958573700003, 14.48632864900003], [121.04936118, 14.486019641000041], [121.04925435200005, 14.485837182000068], [121.04921266800011, 14.485766799000032], [121.04916439500005, 14.485686710000039], [121.04913948900003, 14.485602694000022], [121.04909409700008, 14.485435039000038], [121.04846037100003, 14.485539722000055], [121.0484437990001, 14.485465617000045], [121.04834810400007, 14.485003580000068], [121.04832977600006, 14.484937003000027], [121.04831077600011, 14.484867996000048], [121.04828689400006, 14.484827121000023], [121.04822049500001, 14.484182522000026], [121.04750722200004, 14.484153487000071], [121.04841433700005, 14.482240341000022], [121.0483451120001, 14.482231727000055], [121.048058491, 14.482179982000048], [121.04773803500007, 14.482100209000066], [121.04698259200006, 14.481917920000058], [121.04611136100004, 14.481706168000073], [121.0463848920001, 14.483746264000047], [121.04663082500008, 14.485561042000029], [121.04664687800005, 14.485706120000032], [121.04667491600003, 14.486205452000036], [121.04673818000003, 14.48734743500006], [121.04662020100011, 14.487490543000035], [121.04668415000003, 14.487736979000033], [121.04669460000002, 14.487706589000027]]]]}}, {"type": "Feature", "properties": {"ADM4_EN": "North Signal Village", "ADM4_PCODE": "PH1307607024", "ADM4_REF": null, "ADM3_EN": "Taguig City", "ADM3_PCODE": "PH1307607", "ADM2_EN": "Metropolitan Manila Fourth District", "ADM2_PCODE": "PH13076", "ADM1_EN": "National Capital Region (NCR)", "ADM1_PCODE": "PH13", "ADM0_EN": "Philippines (the)", "ADM0_PCODE": "PH", "date": "2022-11-09", "validOn": "2023-11-06", "validTo": null, "Shape_Leng": 0.04444523924, "Shape_Area": 4.43967e-05, "AREA_SQKM": 0.52948069189, "name": "North Signal Village"}, "geometry": {"type": "MultiPolygon", "coordinates": [[[[121.06029765400001, 14.524395751000043], [121.0603452900001, 14.524189138000054], [121.0603868280001, 14.523968942000067], [121.06044334300009, 14.523817190000045], [121.06053931100007, 14.52359288200006], [121.06027547500003, 14.523192392000055], [121.06024186900004, 14.523145462000059], [121.06000678100008, 14.522840639000037], [121.05986167900005, 14.52267220400006], [121.0596320950001, 14.522374445000025], [121.05955328800007, 14.522282085000029], [121.0594832480001, 14.522184648000064], [121.05943068600004, 14.522104098000057], [121.05934295300005, 14.522010709000028], [121.05926394300002, 14.521951228000034], [121.0589844650001, 14.521803291000026], [121.05886599500002, 14.521773181000071], [121.05877838300012, 14.521760155000038], [121.05868217900002, 14.521768242000064], [121.05843073100004, 14.521766681000031], [121.05835446000003, 14.521767685000043], [121.05813759500006, 14.521748549000051], [121.05797958800008, 14.521711443000072], [121.05789214800006, 14.521688594000068], [121.05773549700007, 14.521619207000072], [121.05762726500006, 14.521546492000027], [121.05754582600002, 14.521475567000039], [121.05738762800001, 14.521282421000024], [121.05735325400008, 14.52123911700005], [121.05726293000009, 14.521111423000036], [121.05723287900003, 14.52101400600003], [121.05719178700008, 14.520780971000022], [121.0572053840001, 14.520592050000062], [121.05723407500011, 14.520452815000056], [121.057283417, 14.52021208800005], [121.05729498300002, 14.520162733000063], [121.0573176150001, 14.520078228000045], [121.05736727300007, 14.519918521000022], [121.0574002840001, 14.519769455000073], [121.05750486900001, 14.519360108000058], [121.05755074500007, 14.519127540000056], [121.05763332400011, 14.518817908000074], [121.05767317700008, 14.51871021200003], [121.05769969500011, 14.518644492000021], [121.057750639, 14.518530487000078], [121.05780300100002, 14.518371896000076], [121.05807723800001, 14.518388672000071], [121.05831773800003, 14.518351963000043], [121.05852284100001, 14.518299198000022], [121.05868642200005, 14.518270881000035], [121.05901597700006, 14.518296661000022], [121.05943329200011, 14.518309970000075], [121.05984076200002, 14.518294178000076], [121.05983252200008, 14.518004061000056], [121.05982186300002, 14.517688865000025], [121.05980920700006, 14.517331569000078], [121.05981791400006, 14.516977919000055], [121.0597816080001, 14.516928477000022], [121.05978201700009, 14.516762295000035], [121.05979673900003, 14.516363396000031], [121.05979683300006, 14.515819682000028], [121.05988903500008, 14.515196734000028], [121.06021704300008, 14.514691705000075], [121.0609605190001, 14.514326801000038], [121.06092260900004, 14.514003953000042], [121.06086693700001, 14.51344838600005], [121.06136107000009, 14.513475208000045], [121.06139341700009, 14.51348074300006], [121.06146139700002, 14.51348476100003], [121.0614695270001, 14.513372132000029], [121.06210842000007, 14.512681720000046], [121.06193328100005, 14.512223925000058], [121.06190845300011, 14.512148800000034], [121.06175991400005, 14.51170899300007], [121.0617075990001, 14.51151505100006], [121.06166883100002, 14.511402348000047], [121.06160552600011, 14.51141670000004], [121.06156298100007, 14.511427023000067], [121.06141699900002, 14.511599125000032], [121.06132883700002, 14.511752976000025], [121.06127146000006, 14.511842873000035], [121.0612065470001, 14.511925167000072], [121.06112272400003, 14.51198867000005], [121.0610465310001, 14.512044579000076], [121.06082418400001, 14.512164650000045], [121.06070466500012, 14.512239252000029], [121.06059281000012, 14.512292681000076], [121.06047649700008, 14.512349892000032], [121.06025178100003, 14.512457179000023], [121.06005220600002, 14.51252317500007], [121.05992378400003, 14.512553135000076], [121.05976870000006, 14.512583910000046], [121.059701904, 14.512594473000036], [121.0594052570001, 14.512619788000052], [121.05925641700003, 14.51262237900005], [121.05897075700011, 14.512627528000053], [121.05878679200009, 14.512627505000069], [121.05860721600004, 14.512630898000054], [121.05839169700005, 14.512616611000055], [121.05788990600001, 14.512613672000043], [121.05777181600001, 14.512622003000047], [121.05718284800002, 14.51270207500005], [121.05675035400009, 14.512723096000059], [121.05624808100004, 14.512753221000025], [121.0561977970001, 14.512759592000066], [121.05559198500009, 14.51278264800004], [121.05542587500008, 14.512793079000062], [121.05509265800004, 14.512855199000057], [121.05476411100005, 14.51290861700005], [121.0548998910001, 14.513621958000044], [121.05492471900004, 14.513787236000042], [121.05485671400004, 14.513837890000048], [121.05497267700002, 14.514109184000063], [121.0550790310001, 14.51449051000003], [121.05527591500004, 14.514709851000077], [121.05520156400007, 14.51526287400003], [121.05514769600006, 14.515281861000062], [121.05499459600003, 14.515276441000026], [121.05489226000009, 14.515221372000042], [121.05482387600011, 14.515204837000056], [121.05476705900003, 14.515221385000075], [121.05472179700007, 14.515265489000058], [121.05460872700007, 14.515375669000036], [121.0540039870001, 14.515715474000046], [121.05366100600008, 14.515926074000049], [121.05420451000009, 14.51676354500006], [121.05481100400004, 14.517724954000073], [121.055198259, 14.518321664000041], [121.0553570410001, 14.518578102000049], [121.0554886330001, 14.518784853000057], [121.0556870150001, 14.518836159000045], [121.0557174490001, 14.51890467100003], [121.05573773900005, 14.518986232000032], [121.05572537300009, 14.519080655000039], [121.05563641300012, 14.519935413000042], [121.0555989070001, 14.520164605000048], [121.0555738160001, 14.520342356000072], [121.05556112200009, 14.520532854000066], [121.05554668900004, 14.520718866000038], [121.05552966500011, 14.521073001000047], [121.05551264700011, 14.521253780000052], [121.05549222800005, 14.521296578000033], [121.055447995, 14.52134600200003], [121.05540708500007, 14.521421856000075], [121.05540696500009, 14.521494489000077], [121.05544428000007, 14.52158042700006], [121.0554850850001, 14.521636400000034], [121.05549864900001, 14.521705797000038], [121.0554735820001, 14.52185914100005], [121.05545909600005, 14.52192634100004], [121.05549904500003, 14.521933502000024], [121.05558021700006, 14.521950484000058], [121.05565781100006, 14.521978635000039], [121.05577131200005, 14.522170824000057], [121.05583973000012, 14.522326716000066], [121.05591050900011, 14.522496744000023], [121.05634905800002, 14.522490852000033], [121.05683080600011, 14.52249340700007], [121.05735265100009, 14.522480293000058], [121.05815097800007, 14.522456917000056], [121.05898727100009, 14.522407609000027], [121.0590360760001, 14.522413499000038], [121.05908214600004, 14.522431321000056], [121.05912512900011, 14.52246991000004], [121.05919707800001, 14.522589421000077], [121.0592166880001, 14.52269350000006], [121.05921354400004, 14.523465722000026], [121.05921071500006, 14.523628999000039], [121.05920671500007, 14.523748892000071], [121.05922154900009, 14.523814383000058], [121.05926600700002, 14.523854154000048], [121.05932427300002, 14.523887683000055], [121.05939304300011, 14.52395337300004], [121.05944597000007, 14.524007293000068], [121.05945171600001, 14.524055727000075], [121.05945456300003, 14.524182590000066], [121.05945369800008, 14.524244237000062], [121.05947791200003, 14.524678349000055], [121.05977746400004, 14.52466720600006], [121.06028945700007, 14.524725381000053], [121.06029765400001, 14.524395751000043]]]]}}, {"type": "Feature", "properties": {"ADM4_EN": "Palingon", "ADM4_PCODE": "PH1307607011", "ADM4_REF": null, "ADM3_EN": "Taguig City", "ADM3_PCODE": "PH1307607", "ADM2_EN": "Metropolitan Manila Fourth District", "ADM2_PCODE": "PH13076", "ADM1_EN": "National Capital Region (NCR)", "ADM1_PCODE": "PH13", "ADM0_EN": "Philippines (the)", "ADM0_PCODE": "PH", "date": "2022-11-09", "validOn": "2023-11-06", "validTo": null, "Shape_Leng": 0.08255970137, "Shape_Area": 0.00011941675, "AREA_SQKM": 1.42406993057, "name": "Palingon"}, "geometry": {"type": "MultiPolygon", "coordinates": [[[[121.0751807480001, 14.541302873000063], [121.07585800200002, 14.541314352000029], [121.07572416900007, 14.540398236000044], [121.07605670200007, 14.540339008000046], [121.07608630200002, 14.540459936000047], [121.0763989190001, 14.540512309000064], [121.07653839000011, 14.540548966000074], [121.07701736900003, 14.53961547700004], [121.07841779300009, 14.539087449000021], [121.07895730000007, 14.53973026600005], [121.07921907500008, 14.539586188000044], [121.07931632000009, 14.53970526200004], [121.07937899700005, 14.53977605700004], [121.0793877640001, 14.539786630000037], [121.07991688400011, 14.540369275000046], [121.08079888700001, 14.540124760000026], [121.08085594700003, 14.54036938300004], [121.08089857400012, 14.540511566000077], [121.08111142300004, 14.54106276300007], [121.08141503400009, 14.540915795000046], [121.0813832020001, 14.540856828000074], [121.081286094, 14.540601184000025], [121.0811805080001, 14.540260644000057], [121.08115937200012, 14.540142240000023], [121.08116355800007, 14.540056492000076], [121.08117617800008, 14.539962575000061], [121.08120567800006, 14.539889068000036], [121.08138845500002, 14.53985960700004], [121.08199344700006, 14.53977804300007], [121.08239046300002, 14.53973303500004], [121.0826153490001, 14.539699588000076], [121.08296262400006, 14.539655769000035], [121.08317578800006, 14.53963894800006], [121.08339484500004, 14.539622209000072], [121.08386477800002, 14.539531467000074], [121.08439856900009, 14.539405147000025], [121.08485662400005, 14.539237738000054], [121.08555381200006, 14.53904992400004], [121.085929727, 14.53894368300007], [121.0862029970001, 14.53881272500007], [121.08633277800004, 14.538735803000066], [121.08636886800002, 14.538637896000068], [121.0863907270001, 14.538469974000066], [121.08636207300003, 14.538308950000044], [121.08632558700003, 14.538134287000048], [121.08621325000001, 14.537810657000023], [121.08605763700007, 14.53743724800006], [121.08566765100011, 14.536473818000047], [121.08561900400002, 14.536167792000072], [121.08564345800005, 14.535918416000072], [121.08569215900002, 14.535730083000033], [121.08585030100005, 14.535600652000028], [121.0861178340001, 14.535541918000035], [121.08627593100005, 14.535523845000057], [121.08644200900005, 14.53552327400007], [121.08660818600003, 14.535495039000068], [121.0867525430001, 14.535460241000067], [121.08696934900001, 14.535420945000055], [121.08720757600008, 14.535399951000045], [121.08745302200009, 14.535371901000076], [121.08768405800004, 14.535315934000039], [121.08790777500008, 14.53527413200004], [121.08813192200012, 14.535203784000032], [121.08830309000007, 14.535133790000032], [121.08843309200006, 14.53504287900006], [121.08859196300011, 14.534945091000054], [121.08875069100009, 14.534826697000028], [121.08889666800007, 14.534678878000022], [121.0890410940001, 14.534539230000064], [121.08922862100007, 14.534343688000035], [121.08937286800005, 14.534169099000053], [121.08949547800012, 14.534022444000072], [121.08963250300008, 14.533833727000058], [121.08984906100011, 14.533630235000032], [121.08998630300005, 14.533483133000061], [121.09010893800007, 14.533336705000067], [121.09023151300005, 14.53319732500006], [121.09044105300006, 14.533035462000043], [121.0905639990001, 14.53295828000006], [121.09072005700011, 14.532824360000063], [121.09088616500003, 14.532691491000037], [121.09105942500003, 14.532539215000043], [121.0912467070001, 14.532392655000024], [121.09141940300003, 14.532239249000042], [121.09158142000001, 14.532041494000055], [121.09267016500007, 14.530609251000044], [121.09316682300005, 14.530273105000049], [121.09351586000002, 14.530145142000038], [121.0936711810001, 14.530170081000051], [121.09395594500006, 14.530157905000067], [121.0940250650001, 14.53012334400006], [121.09430554900007, 14.529862491000074], [121.09465137500001, 14.529415573000051], [121.09478636500012, 14.529161032000047], [121.09496969700001, 14.528833242000076], [121.09559023100007, 14.528041108000025], [121.09770275800008, 14.525864634000072], [121.09785550700008, 14.526163668000038], [121.09950116400012, 14.525467872000036], [121.09928782100008, 14.525175543000046], [121.09847851000006, 14.524605241000074], [121.09705650300009, 14.523464322000052], [121.09645882600012, 14.52255414900003], [121.09496351400003, 14.524101107000035], [121.09488781000005, 14.52405236800007], [121.09129995700005, 14.527892166000072], [121.08953817200006, 14.529785926000045], [121.08804297400002, 14.531391108000037], [121.08275033600012, 14.534034320000046], [121.08231065100006, 14.534314197000072], [121.08230914700005, 14.534435474000077], [121.08231381500002, 14.534475088000022], [121.08229208600005, 14.534595048000028], [121.08205662400007, 14.534593191000056], [121.08174304300007, 14.53458992700007], [121.08155704300009, 14.534571996000068], [121.0815536990001, 14.53472004400004], [121.08153745800007, 14.534885097000029], [121.08149491300003, 14.535033545000033], [121.08142507200012, 14.535182838000026], [121.08134419600003, 14.53533081200004], [121.08127981200005, 14.535446343000046], [121.08118594900009, 14.535577855000042], [121.0811176520001, 14.535663936000049], [121.08102387300005, 14.535757966000062], [121.08092602600004, 14.535831331000054], [121.0808273340001, 14.535899002000065], [121.08059882500004, 14.536063325000043], [121.08044314000006, 14.535939636000023], [121.08029902400006, 14.535865842000021], [121.08001479200004, 14.535765101000038], [121.07960205900008, 14.535608160000038], [121.07926020700006, 14.535485180000023], [121.0791755030001, 14.535468707000064], [121.07887845100004, 14.535493268000039], [121.07835614500004, 14.535592551000036], [121.07825778000006, 14.535629927000059], [121.0781376870001, 14.535683637000034], [121.07798826700002, 14.53575767600006], [121.07766561800008, 14.535917544000029], [121.07725215000005, 14.536173805000033], [121.07685512100011, 14.536406774000056], [121.07681429500008, 14.536422733000052], [121.07651965800005, 14.536542887000053], [121.07621783700006, 14.53660072100007], [121.07604348200005, 14.536613153000076], [121.07588612200004, 14.536600831000044], [121.0757883120001, 14.53658024200007], [121.0756735110001, 14.536551415000076], [121.07552475200009, 14.536489627000037], [121.0753273790001, 14.536381542000072], [121.07514354800003, 14.53629580200004], [121.074720038, 14.536082281000063], [121.07458843100005, 14.536071524000022], [121.07452428300007, 14.536095541000066], [121.07349210100006, 14.537242043000049], [121.07326606100003, 14.53741565300004], [121.07275532300002, 14.537924608000026], [121.07268792500008, 14.538078582000026], [121.07264725100003, 14.538174815000048], [121.07240650800009, 14.538772261000076], [121.07237855400001, 14.538835838000068], [121.07234130400002, 14.538871717000063], [121.07210448900003, 14.538970506000055], [121.07185324500006, 14.539030553000032], [121.07178163000003, 14.539078053000026], [121.07171963000008, 14.539142321000043], [121.07211701800009, 14.539388866000024], [121.07236400800002, 14.539359227000034], [121.072470511, 14.540368579000074], [121.07253079400004, 14.540724993000026], [121.07234929100002, 14.540773933000025], [121.0722407940001, 14.540802993000057], [121.07171233100007, 14.541126032000022], [121.07176560700009, 14.541184934000057], [121.07186410700001, 14.541387025000063], [121.07198786200001, 14.541738588000044], [121.07206738700006, 14.541959064000025], [121.0725791000001, 14.542365811000025], [121.07306457200002, 14.542654470000059], [121.07356316500011, 14.542851283000061], [121.07377428500001, 14.542915171000061], [121.07392772300011, 14.54295438400004], [121.07419296600006, 14.543021854000074], [121.07437850800011, 14.543110306000074], [121.0751807480001, 14.541302873000063]]]]}}, {"type": "Feature", "properties": {"ADM4_EN": "Pembo", "ADM4_PCODE": "PH1307602016", "ADM4_REF": null, "ADM3_EN": "City of Makati", "ADM3_PCODE": "PH1307602", "ADM2_EN": "Metropolitan Manila Fourth District", "ADM2_PCODE": "PH13076", "ADM1_EN": "National Capital Region (NCR)", "ADM1_PCODE": "PH13", "ADM0_EN": "Philippines (the)", "ADM0_PCODE": "PH", "date": "2022-11-09", "validOn": "2023-11-06", "validTo": null, "Shape_Leng": 0.03850463676, "Shape_Area": 6.099639e-05, "AREA_SQKM": 0.72736090387, "name": "Pembo"}, "geometry": {"type": "MultiPolygon", "coordinates": [[[[121.05905762800012, 14.550475648000031], [121.05919173500001, 14.550380440000026], [121.05922497000006, 14.550354371000026], [121.0592538200001, 14.55033106600007], [121.05926697200005, 14.550298718000022], [121.05926891800004, 14.55028074300003], [121.059267223, 14.550240526000039], [121.05925765500001, 14.550170162000029], [121.05925276200003, 14.550117877000048], [121.05924626800004, 14.550057897000045], [121.05925836900008, 14.549966899000026], [121.059266438, 14.549936863000028], [121.05929347500012, 14.549898365000047], [121.0593255770001, 14.54987029800003], [121.05936650800004, 14.549845761000029], [121.05938079600003, 14.549833911000064], [121.05942860500011, 14.549809770000024], [121.05947545300012, 14.549791742000025], [121.05952736000006, 14.549789674000067], [121.05958491400008, 14.549783005000052], [121.05962837900006, 14.549795361000065], [121.05968319600004, 14.54982188100007], [121.05973633700012, 14.549832636000076], [121.0597684810001, 14.549827680000021], [121.05981281900006, 14.549817869000037], [121.0601241390001, 14.549700809000058], [121.06040444200005, 14.548510867000061], [121.06117182300011, 14.548282808000067], [121.06153935800012, 14.548173678000069], [121.06260719900001, 14.547871719000057], [121.06273569500001, 14.547063656000034], [121.0628003490001, 14.546663633000037], [121.06294637200006, 14.545911666000052], [121.06284996900001, 14.545897249000063], [121.06277363600009, 14.545895647000066], [121.06272390200002, 14.54589724300007], [121.06268746, 14.545898838000028], [121.06254792100003, 14.545817541000076], [121.06242271700012, 14.545518462000075], [121.0622898690001, 14.545247347000043], [121.06216555000003, 14.545162554000058], [121.06197803700002, 14.545327943000075], [121.0617955560001, 14.545379117000039], [121.06160133500009, 14.545361805000027], [121.06143607700005, 14.545259102000045], [121.06127092800011, 14.54513922700005], [121.06111741000007, 14.544945142000074], [121.06107415300005, 14.544828417000076], [121.06103235900002, 14.544733086000065], [121.061016117, 14.544693819000031], [121.06096813300007, 14.54448799100004], [121.06091744900004, 14.544062659000076], [121.06098829400003, 14.543891204000033], [121.06115915100008, 14.543725279000057], [121.06134779500007, 14.543599261000054], [121.06152487700001, 14.543531899000072], [121.06174327400004, 14.54340028100006], [121.06201491000002, 14.54325130500007], [121.06228688500005, 14.543027670000072], [121.06246435100002, 14.542771136000056], [121.06257057800008, 14.542468453000026], [121.06260937700006, 14.542221699000038], [121.0625731780001, 14.542042348000052], [121.0625509460001, 14.541989787000034], [121.06242008000004, 14.541677514000071], [121.06234117300005, 14.54125748100006], [121.06248995800001, 14.541011914000023], [121.06234447100007, 14.540958689000036], [121.06168148900008, 14.541055150000034], [121.06108332500003, 14.541156515000068], [121.06045067000002, 14.54124334200003], [121.06005764000008, 14.54129372500006], [121.05963372300005, 14.541327205000073], [121.05949967600009, 14.54138245100006], [121.05923427800008, 14.541238838000027], [121.0591806430001, 14.541209440000046], [121.05919740700006, 14.541076373000067], [121.0589218230001, 14.540826318000029], [121.05861309700003, 14.540533796000034], [121.05842798000003, 14.540380085000038], [121.0583327270001, 14.540278444000023], [121.05807323400006, 14.540005363000034], [121.05806033700003, 14.539991368000074], [121.05787484500001, 14.53974855000007], [121.05780377600001, 14.539666112000077], [121.05765810500009, 14.539491048000059], [121.05750501400007, 14.539296500000034], [121.05728313700001, 14.539683324000066], [121.05709611200007, 14.53995154200004], [121.0568134770001, 14.540368363000027], [121.05671369400011, 14.54052074200007], [121.0565379520001, 14.54078455900003], [121.05623211800003, 14.541117535000069], [121.05585910500008, 14.541525120000074], [121.05586025800005, 14.541727016000038], [121.05590685300001, 14.54216903200006], [121.05581911600007, 14.542211678000058], [121.05570955900009, 14.542256103000057], [121.05561705100001, 14.542292144000044], [121.05550333100007, 14.542340038000077], [121.05512580600009, 14.541792744000077], [121.05466490700007, 14.541129210000065], [121.05438834300003, 14.541322285000035], [121.0541326880001, 14.541528656000025], [121.05394795200004, 14.541720008000027], [121.0537415450001, 14.541966940000066], [121.05366794500003, 14.542077027000062], [121.05351600200004, 14.54236875600003], [121.05345480100004, 14.54251240700006], [121.05343062500003, 14.542586070000027], [121.05338726600007, 14.542718083000068], [121.05335643600006, 14.542867989000058], [121.05333023500009, 14.543002388000048], [121.05330989200002, 14.543122942000025], [121.0533022840001, 14.543191388000025], [121.0532967360001, 14.543302353000058], [121.05330108900012, 14.543440255000064], [121.05330649600012, 14.543585481000036], [121.05331957100009, 14.54369553600003], [121.05334366300008, 14.54387795100007], [121.05341120000003, 14.54414104500006], [121.05346715500002, 14.544306455000026], [121.05352327500009, 14.544425706000027], [121.05360449000011, 14.54460404200006], [121.05367645900003, 14.544723178000027], [121.05379840500007, 14.544905085000039], [121.0538807690001, 14.54500889600007], [121.0540267350001, 14.545168801000045], [121.05419402100006, 14.54532247800006], [121.05439434700008, 14.545480018000035], [121.05464644500012, 14.545649538000077], [121.05493611800011, 14.545819923000067], [121.05531156100005, 14.54601959200005], [121.05560361200003, 14.546184636000078], [121.05576934100009, 14.546293881000054], [121.05592752200005, 14.546410492000064], [121.0560823300001, 14.546554893000064], [121.05621694900003, 14.546710266000048], [121.05631106500005, 14.546820168000067], [121.05641344000003, 14.546976502000064], [121.05650937000007, 14.547163897000075], [121.0565612040001, 14.547275420000062], [121.05660464900006, 14.54738683200003], [121.05663245900007, 14.547477725000022], [121.05665265100004, 14.547578771000076], [121.05669969500002, 14.54783059600004], [121.05679934400007, 14.54849940500003], [121.05685893700002, 14.548798907000048], [121.05689112700009, 14.548923891000072], [121.0569390820001, 14.54903407200004], [121.05697438900006, 14.549098473000072], [121.05705211300005, 14.549244213000065], [121.05711832000009, 14.549346883000055], [121.05721907100008, 14.549461051000037], [121.05734840000002, 14.549594221000063], [121.05746133900004, 14.549682736000022], [121.0576378830001, 14.549791579000043], [121.05779516200005, 14.549877502000072], [121.05808986800002, 14.54999495900006], [121.05828863900001, 14.550083734000054], [121.05854836500009, 14.550260041000058], [121.05878895400008, 14.550472374000037], [121.05893062200005, 14.550658182000063], [121.05905762800012, 14.550475648000031]]]]}}, {"type": "Feature", "properties": {"ADM4_EN": "Pinagsama", "ADM4_PCODE": "PH1307607025", "ADM4_REF": null, "ADM3_EN": "Taguig City", "ADM3_PCODE": "PH1307607", "ADM2_EN": "Metropolitan Manila Fourth District", "ADM2_PCODE": "PH13076", "ADM1_EN": "National Capital Region (NCR)", "ADM1_PCODE": "PH13", "ADM0_EN": "Philippines (the)", "ADM0_PCODE": "PH", "date": "2022-11-09", "validOn": "2023-11-06", "validTo": null, "Shape_Leng": 0.10386657381, "Shape_Area": 0.00023633411, "AREA_SQKM": 2.81842361766, "name": "Pinagsama"}, "geometry": {"type": "MultiPolygon", "coordinates": [[[[121.05345480100004, 14.54251240700006], [121.05351600200004, 14.54236875600003], [121.05366794500003, 14.542077027000062], [121.0537415450001, 14.541966940000066], [121.05394795200004, 14.541720008000027], [121.0541326880001, 14.541528656000025], [121.05438834300003, 14.541322285000035], [121.05466490700007, 14.541129210000065], [121.05526592100011, 14.540782485000022], [121.0558208540001, 14.540465760000075], [121.0560469610001, 14.540331821000052], [121.05624255400005, 14.540191893000042], [121.05641722200005, 14.540053293000028], [121.05656564100002, 14.539915654000026], [121.05667057700009, 14.539805846000036], [121.05677770900002, 14.539684771000054], [121.05689228900007, 14.539519910000024], [121.05702220300009, 14.539317534000077], [121.05713734500011, 14.539110811000057], [121.05720608600006, 14.538933818000032], [121.05726049600003, 14.538766401000032], [121.05732284400005, 14.538545532000057], [121.05735648200005, 14.538369121000073], [121.05739334300006, 14.538056505000043], [121.0574302010001, 14.537566857000058], [121.05746503700004, 14.53697668600006], [121.05749049100007, 14.53665643000005], [121.05753465200007, 14.535923934000039], [121.05756981400009, 14.535344030000033], [121.05758494200006, 14.535093373000052], [121.0576237890001, 14.53461208400006], [121.057654522, 14.534035580000022], [121.05766865800001, 14.533796857000027], [121.05769014000009, 14.533327400000076], [121.05770443100005, 14.532801111000026], [121.05771106000009, 14.532641783000031], [121.05771318000006, 14.53253144000007], [121.05771132600012, 14.532320180000056], [121.05770181000003, 14.532085386000062], [121.05767758200011, 14.531780494000031], [121.057653705, 14.53156899000004], [121.05762042100002, 14.531362898000054], [121.05753501000004, 14.530928140000071], [121.05729698500011, 14.530121983000072], [121.05717111800004, 14.529789593000032], [121.05712014200003, 14.529663353000046], [121.05704310600004, 14.529462390000049], [121.05694372700009, 14.52920580600005], [121.05682552600001, 14.52890790500004], [121.05660553100006, 14.52833011000007], [121.056560794, 14.52821306800007], [121.05643621100012, 14.527899425000044], [121.05636797800003, 14.527751137000052], [121.05602650000003, 14.52703721000006], [121.0559561990001, 14.526842099000078], [121.055868357, 14.526619609000022], [121.05617502300004, 14.526668785000027], [121.0566881200001, 14.526618256000063], [121.0579710930001, 14.526645560000077], [121.05811420700002, 14.526658638000072], [121.05878229900009, 14.526673782000046], [121.05975738500001, 14.526695885000038], [121.05996519700011, 14.526188852000075], [121.06015881000008, 14.525730598000052], [121.06056723200004, 14.52479547300004], [121.06028945700007, 14.524725381000053], [121.05977746400004, 14.52466720600006], [121.05947791200003, 14.524678349000055], [121.05945369800008, 14.524244237000062], [121.05945456300003, 14.524182590000066], [121.05945171600001, 14.524055727000075], [121.05944597000007, 14.524007293000068], [121.05939304300011, 14.52395337300004], [121.05932427300002, 14.523887683000055], [121.05926600700002, 14.523854154000048], [121.05922154900009, 14.523814383000058], [121.05920671500007, 14.523748892000071], [121.05921071500006, 14.523628999000039], [121.05921354400004, 14.523465722000026], [121.0592166880001, 14.52269350000006], [121.05919707800001, 14.522589421000077], [121.05912512900011, 14.52246991000004], [121.05908214600004, 14.522431321000056], [121.0590360760001, 14.522413499000038], [121.05898727100009, 14.522407609000027], [121.05815097800007, 14.522456917000056], [121.05735265100009, 14.522480293000058], [121.05683080600011, 14.52249340700007], [121.05634905800002, 14.522490852000033], [121.05591050900011, 14.522496744000023], [121.05583973000012, 14.522326716000066], [121.05577131200005, 14.522170824000057], [121.05565781100006, 14.521978635000039], [121.05558021700006, 14.521950484000058], [121.05549904500003, 14.521933502000024], [121.05545909600005, 14.52192634100004], [121.0554735820001, 14.52185914100005], [121.05549864900001, 14.521705797000038], [121.0554850850001, 14.521636400000034], [121.05544428000007, 14.52158042700006], [121.05540696500009, 14.521494489000077], [121.05540708500007, 14.521421856000075], [121.055447995, 14.52134600200003], [121.05549222800005, 14.521296578000033], [121.05551264700011, 14.521253780000052], [121.05552966500011, 14.521073001000047], [121.05554668900004, 14.520718866000038], [121.05556112200009, 14.520532854000066], [121.0555738160001, 14.520342356000072], [121.0555989070001, 14.520164605000048], [121.05563641300012, 14.519935413000042], [121.05572537300009, 14.519080655000039], [121.05573773900005, 14.518986232000032], [121.0557174490001, 14.51890467100003], [121.0556870150001, 14.518836159000045], [121.0554886330001, 14.518784853000057], [121.0553570410001, 14.518578102000049], [121.055198259, 14.518321664000041], [121.05481100400004, 14.517724954000073], [121.05420451000009, 14.51676354500006], [121.05366100600008, 14.515926074000049], [121.05300947400008, 14.514927722000039], [121.052726645, 14.514514555000062], [121.0526532, 14.514532032000034], [121.05258025900002, 14.51457294000005], [121.05248634300006, 14.514632533000054], [121.05242477600007, 14.51469914300003], [121.05237703300008, 14.514763466000034], [121.05229177900003, 14.514892258000032], [121.05220493800005, 14.515031188000023], [121.05211707300009, 14.515208815000051], [121.05194092200009, 14.515553239000042], [121.05180496800006, 14.515824193000071], [121.05169903500007, 14.516032580000058], [121.05163226500008, 14.516162019000035], [121.05152021100002, 14.516391762000069], [121.05126269900006, 14.516259072000025], [121.0511106890001, 14.516173480000077], [121.05095512600008, 14.516086319000067], [121.05071911200002, 14.516012626000077], [121.0505698070001, 14.51599546400007], [121.04870134900011, 14.515071263000038], [121.0470519370001, 14.514199746000031], [121.04534118600009, 14.513341057000048], [121.04504216900011, 14.513190920000056], [121.04479458800006, 14.513071123000032], [121.0429464550001, 14.512118460000067], [121.04279865900003, 14.512377354000023], [121.04267341500008, 14.512645367000061], [121.04253483700006, 14.512902917000076], [121.04239776800011, 14.51316829800004], [121.04226683500008, 14.513396882000052], [121.04211556500002, 14.513679957000022], [121.0419833740001, 14.513898865000044], [121.04178018000005, 14.51433872900003], [121.04252507500007, 14.51452232500003], [121.04325129900008, 14.514699847000031], [121.04363644700004, 14.514786410000056], [121.0440934830001, 14.514895503000048], [121.04408676900005, 14.515448824000032], [121.04467892900004, 14.515562224000064], [121.0453517730001, 14.515652891000059], [121.04556492900008, 14.515874092000047], [121.04548200900001, 14.51610806900004], [121.04537151300008, 14.516343797000047], [121.04583247100004, 14.516376108000031], [121.04619569800002, 14.516419787000075], [121.04643976400007, 14.516451532000076], [121.04663574400001, 14.516491208000048], [121.04685415900008, 14.516527483000061], [121.04704181000011, 14.516567505000069], [121.04740773100002, 14.516671828000028], [121.04771691500002, 14.516761244000065], [121.04796431600005, 14.516838606000022], [121.04815707600005, 14.516910865000057], [121.04890965600009, 14.517188267000051], [121.04968476400006, 14.51760700400007], [121.05073870300009, 14.518205709000028], [121.05061957600003, 14.518506093000042], [121.05048948700005, 14.518807649000053], [121.05040364400008, 14.518974016000072], [121.05033473800006, 14.519060798000055], [121.05028708600003, 14.519121985000027], [121.05022380200012, 14.519178016000069], [121.05014996700004, 14.519228923000071], [121.05007618900004, 14.51926452500004], [121.0499919560001, 14.519305172000031], [121.04990783000005, 14.519335623000075], [121.04981855500012, 14.519345747000045], [121.04973982900003, 14.519355868000048], [121.04964540700007, 14.519355855000072], [121.04947729300011, 14.51934585500004], [121.04925092500002, 14.519310368000049], [121.04880824300005, 14.519252739000024], [121.0485291230001, 14.519242464000058], [121.048300734, 14.519260811000038], [121.04784395800004, 14.519353081000077], [121.04770048300009, 14.519405302000052], [121.04758994500003, 14.519471663000047], [121.04737495800009, 14.519613846000027], [121.0472757340001, 14.519692603000067], [121.04722328700007, 14.519748469000035], [121.047128745, 14.519865386000049], [121.04707591100009, 14.519941936000066], [121.04702315000009, 14.520018381000057], [121.04696531200011, 14.520114842000055], [121.04691889700007, 14.520245595000063], [121.04689319500005, 14.520341251000048], [121.04686229200001, 14.520452160000048], [121.04684160300008, 14.520553222000046], [121.0468208960001, 14.520735370000068], [121.04670257200007, 14.521814567000035], [121.04657908500008, 14.522949996000023], [121.04649986200002, 14.523730938000028], [121.0464690550001, 14.52391641500003], [121.04644845500002, 14.524041326000031], [121.04639651900004, 14.524176772000033], [121.0463444830001, 14.524287344000072], [121.04627155100002, 14.52438765100004], [121.0461723630001, 14.524503308000021], [121.04605212100012, 14.524609200000043], [121.04589565300012, 14.524685315000056], [121.04578640600005, 14.524720905000038], [121.044468961, 14.52505798900006], [121.04486146800002, 14.525479465000046], [121.04494447500008, 14.525569622000035], [121.04499073400007, 14.525641693000068], [121.045023237, 14.525718171000051], [121.04505574100006, 14.525794653000048], [121.04508831400005, 14.52588905600004], [121.04512077100003, 14.525952109000059], [121.0451622810001, 14.526029049000044], [121.04522220700005, 14.526070471000025], [121.04529150400003, 14.526116628000068], [121.0455467380001, 14.526244169000051], [121.04570714500005, 14.526325860000043], [121.04574984600004, 14.526346657000033], [121.04608044800011, 14.526488512000071], [121.04632790500011, 14.52659727300005], [121.04729818900012, 14.527036416000044], [121.04862737700012, 14.527512614000045], [121.04864726900007, 14.527636780000023], [121.0481621890001, 14.528640950000067], [121.04788063800004, 14.529076664000058], [121.04768901000011, 14.529317602000049], [121.04761643200004, 14.529362806000051], [121.04749189300003, 14.529610037000054], [121.04740368800003, 14.529756831000043], [121.0473306020001, 14.529879189000042], [121.04724821200011, 14.529986415000053], [121.04711183800009, 14.530136747000029], [121.04620908600009, 14.530666535000023], [121.0464556280001, 14.531349075000037], [121.04652322100003, 14.531602087000067], [121.04657897700008, 14.531851195000058], [121.04664106100006, 14.532185574000039], [121.04668347300003, 14.53246254100003], [121.0467192100001, 14.532716065000045], [121.0467319600001, 14.532919908000054], [121.0467514280001, 14.53324840700003], [121.0467677040001, 14.533550622000064], [121.04679520000002, 14.53425450900005], [121.04679227000008, 14.534704055000077], [121.046764875, 14.53509765800004], [121.046765176, 14.535202550000065], [121.046743633, 14.535290605000057], [121.0466915830001, 14.535374225000055], [121.04664402600008, 14.53546224300004], [121.04659216300001, 14.53553779400005], [121.04653595700006, 14.535584073000052], [121.04646101700007, 14.53564360100006], [121.04659417200003, 14.53562372700003], [121.0466990970001, 14.53559924700005], [121.04680360400005, 14.535564290000025], [121.04688583500001, 14.535537307000027], [121.04699974500011, 14.53548545600006], [121.04714098900001, 14.535564023000063], [121.04722437200007, 14.535632447000069], [121.04733100300007, 14.535678566000058], [121.04846865700006, 14.535685532000059], [121.04867121300003, 14.535675037000033], [121.05155845400009, 14.535643612000058], [121.05159521700011, 14.536117767000064], [121.05169522200003, 14.53711781800007], [121.051609503, 14.537674989000038], [121.05190951800012, 14.538203587000055], [121.05272384500006, 14.538589321000075], [121.05327595100005, 14.538930853000068], [121.05311337300009, 14.539418588000046], [121.05354691500008, 14.539617295000028], [121.05328143400004, 14.542459378000046], [121.05343062500003, 14.542586070000027], [121.05345480100004, 14.54251240700006]]]]}}, {"type": "Feature", "properties": {"ADM4_EN": "Pitogo", "ADM4_PCODE": "PH1307602019", "ADM4_REF": null, "ADM3_EN": "City of Makati", "ADM3_PCODE": "PH1307602", "ADM2_EN": "Metropolitan Manila Fourth District", "ADM2_PCODE": "PH13076", "ADM1_EN": "National Capital Region (NCR)", "ADM1_PCODE": "PH13", "ADM0_EN": "Philippines (the)", "ADM0_PCODE": "PH", "date": "2022-11-09", "validOn": "2023-11-06", "validTo": null, "Shape_Leng": 0.02016716091, "Shape_Area": 1.442514e-05, "AREA_SQKM": 0.17200565906, "name": "Pitogo"}, "geometry": {"type": "MultiPolygon", "coordinates": [[[[121.04322363200004, 14.558755461000032], [121.04361307400006, 14.558580475000042], [121.04392056600011, 14.558458287000065], [121.04392641600009, 14.558455843000047], [121.04409698000006, 14.558384574000058], [121.04469676800011, 14.558152843000073], [121.04473284700009, 14.558133834000046], [121.04480334900006, 14.558065197000076], [121.04490790700004, 14.55795813900005], [121.04508226300004, 14.558034648000046], [121.04529607200004, 14.55792331200007], [121.04542685700005, 14.557862431000046], [121.04552393300003, 14.557825095000055], [121.04585386700012, 14.557717624000077], [121.045914433, 14.557699480000053], [121.04597189700007, 14.557661697000071], [121.04608046100009, 14.557587928000032], [121.04646776000004, 14.557364722000045], [121.04656178100004, 14.557418287000075], [121.0468498030001, 14.55717704600005], [121.04701723700009, 14.557104612000046], [121.04727691800008, 14.55699151600004], [121.04733354400003, 14.55696376000003], [121.0474253320001, 14.556925166000042], [121.0476231340001, 14.556845606000024], [121.047918116, 14.556694812000046], [121.0481481490001, 14.55656741000007], [121.04817684600005, 14.556555151000055], [121.04848473100003, 14.556393773000025], [121.0485199740001, 14.556329616000028], [121.04857030900007, 14.556274603000077], [121.04861161100007, 14.556255260000057], [121.0488681920001, 14.555852619000063], [121.04863318100001, 14.55577485200007], [121.04839725900001, 14.55568979700007], [121.04816758100003, 14.555594679000023], [121.04794191300005, 14.555488483000033], [121.04771824800002, 14.555365918000064], [121.047506526, 14.55524248200004], [121.04713694800012, 14.55576689000003], [121.0467109440001, 14.556153766000023], [121.0465021550001, 14.556323415000065], [121.0457891640001, 14.555508170000053], [121.04528455600007, 14.555673574000025], [121.04523688600011, 14.55531452100007], [121.04493111400006, 14.55536817500007], [121.04459174600004, 14.555403782000042], [121.04411291800011, 14.555461666000042], [121.04367207300004, 14.555527608000034], [121.04354177300002, 14.555574798000066], [121.04345267800011, 14.555621788000053], [121.04336957400005, 14.555683548000047], [121.04330977000006, 14.55573204600006], [121.04322483300007, 14.555817612000055], [121.04305479200002, 14.555673123000076], [121.0428945110001, 14.555541836000032], [121.04263260900007, 14.555551351000076], [121.04234402600002, 14.555568060000041], [121.04205528600005, 14.555625684000063], [121.04189632600003, 14.555668471000047], [121.0418036210001, 14.555733592000024], [121.04173096200009, 14.555786897000075], [121.0416102580001, 14.555800309000062], [121.04155706200004, 14.555801922000057], [121.0417471400001, 14.556233875000032], [121.04192550700009, 14.556648457000051], [121.04207782700007, 14.556968867000023], [121.04213316100004, 14.557095266000033], [121.04218607000007, 14.55726965100007], [121.04222775500011, 14.557332635000023], [121.04230912300011, 14.557395560000032], [121.04232229400009, 14.557411271000035], [121.04237041600004, 14.557472824000058], [121.04242097600002, 14.557543982000027], [121.04243468000004, 14.55756296900006], [121.04251361700005, 14.557754217000024], [121.04252668800007, 14.557799801000044], [121.04240158800008, 14.558144437000067], [121.04240143000004, 14.558144870000035], [121.04237833500008, 14.55820770300005], [121.04228273400008, 14.558482284000036], [121.04225583100003, 14.55854766300007], [121.04213217400002, 14.558982793000041], [121.04225561200008, 14.558995881000044], [121.04234320400008, 14.559089849000031], [121.04322363200004, 14.558755461000032]]]]}}, {"type": "Feature", "properties": {"ADM4_EN": "Post Proper Northside", "ADM4_PCODE": "PH1307602021", "ADM4_REF": null, "ADM3_EN": "City of Makati", "ADM3_PCODE": "PH1307602", "ADM2_EN": "Metropolitan Manila Fourth District", "ADM2_PCODE": "PH13076", "ADM1_EN": "National Capital Region (NCR)", "ADM1_PCODE": "PH13", "ADM0_EN": "Philippines (the)", "ADM0_PCODE": "PH", "date": "2022-11-09", "validOn": "2023-11-06", "validTo": null, "Shape_Leng": 0.08036930177, "Shape_Area": 0.0001905191, "AREA_SQKM": 2.27179313958, "name": "Post Proper Northside"}, "geometry": {"type": "MultiPolygon", "coordinates": [[[[121.05525432600007, 14.565660334000029], [121.05567745700012, 14.56552251200003], [121.05551480200006, 14.564388938000036], [121.05542593700011, 14.56352206300005], [121.0553933010001, 14.563236005000022], [121.055367896, 14.562992586000064], [121.05532280300008, 14.562726767000072], [121.05526761500005, 14.56240979200004], [121.05508138000005, 14.561601818000042], [121.05592720400011, 14.561085657000035], [121.05615254000008, 14.560949916000027], [121.05633495600011, 14.560835427000029], [121.05658143800008, 14.561121744000047], [121.05677550500002, 14.561340035000057], [121.0568250660001, 14.561387577000062], [121.05686913000011, 14.561408874000051], [121.0572546190001, 14.561521180000057], [121.0572879980001, 14.561527892000072], [121.05731820800008, 14.561515858000064], [121.05735370100001, 14.561494480000022], [121.05738611400011, 14.561463810000078], [121.05740243900004, 14.561398755000027], [121.05739895800002, 14.56117936000004], [121.05735492000008, 14.561088478000045], [121.05724634100011, 14.560907414000042], [121.05721227100003, 14.560881901000073], [121.05716776200006, 14.560869314000058], [121.05711140100004, 14.560861929000055], [121.05703659200003, 14.56086103000007], [121.05696876000002, 14.560876606000022], [121.0568543070001, 14.560944747000065], [121.05674137100004, 14.560569968000038], [121.05668051400005, 14.56037987700006], [121.05662621500005, 14.560216457000024], [121.05658318100006, 14.560109245000035], [121.05678054200007, 14.560011411000062], [121.05709630500007, 14.559851603000027], [121.05714357800002, 14.559826886000053], [121.05718917800004, 14.559798725000064], [121.0572389350001, 14.55976561500006], [121.0572929010001, 14.55972065900005], [121.05735766400005, 14.559665170000073], [121.05742000400005, 14.559597734000022], [121.05747628100005, 14.559533420000037], [121.05754282300006, 14.559445547000053], [121.0575957210001, 14.55936302300006], [121.057639375, 14.559295040000052], [121.05768027300007, 14.559213151000051], [121.05773148100002, 14.559091786000067], [121.05777426400005, 14.558971487000065], [121.05779555600009, 14.558922666000058], [121.05781466200006, 14.558882483000048], [121.05783829400002, 14.55884222900005], [121.0578619580001, 14.558807355000056], [121.05788678700003, 14.558771333000038], [121.05791607200001, 14.558732536000036], [121.05794770500006, 14.558694251000077], [121.05797939400009, 14.558658083000068], [121.05801347300007, 14.558609191000073], [121.05804156500005, 14.558561280000049], [121.05806172700011, 14.55851235800003], [121.05807843100001, 14.558453039000028], [121.05808787800004, 14.558388489000038], [121.05809112300005, 14.558291599000029], [121.05808149300003, 14.558176968000055], [121.05807321500004, 14.55811777200006], [121.05820553400008, 14.558094820000065], [121.05829702400001, 14.558338616000071], [121.05901654500008, 14.55809841000007], [121.0596109060001, 14.557899967000026], [121.05984192200003, 14.557800503000067], [121.05991254900005, 14.557757455000058], [121.0600629160001, 14.557665432000022], [121.06027527000003, 14.557530626000073], [121.0604926850001, 14.557358606000037], [121.06059666500005, 14.557219316000044], [121.06077050300007, 14.557309640000028], [121.06080603800001, 14.556241812000053], [121.06082219600012, 14.556233360000022], [121.06083512700002, 14.556215575000067], [121.06083996600012, 14.55619305600004], [121.0608350440001, 14.556168909000064], [121.0608260250001, 14.556146220000073], [121.06080718700002, 14.556128148000028], [121.06078347400012, 14.556121829000062], [121.0607533000001, 14.55612336400003], [121.0607314020001, 14.556132751000064], [121.06044729900009, 14.555924832000073], [121.06016142400006, 14.555722269000057], [121.05987391500003, 14.555612820000022], [121.05967462000001, 14.555490302000067], [121.05952759800005, 14.555307342000049], [121.05940181300002, 14.555232198000056], [121.0592743950001, 14.55503126900004], [121.05922702100008, 14.554593472000022], [121.05920578500002, 14.553861632000064], [121.0588431320001, 14.55324740900005], [121.0588398650001, 14.552116978000072], [121.05905048600005, 14.55174884400003], [121.05923003900011, 14.551435011000024], [121.05933766300006, 14.551207889000068], [121.05915146900008, 14.550953485000036], [121.05893062200005, 14.550658182000063], [121.05878895400008, 14.550472374000037], [121.05854836500009, 14.550260041000058], [121.05828863900001, 14.550083734000054], [121.05808986800002, 14.54999495900006], [121.05779516200005, 14.549877502000072], [121.0576378830001, 14.549791579000043], [121.05746133900004, 14.549682736000022], [121.05734840000002, 14.549594221000063], [121.05721907100008, 14.549461051000037], [121.05711832000009, 14.549346883000055], [121.05705211300005, 14.549244213000065], [121.05697438900006, 14.549098473000072], [121.0569390820001, 14.54903407200004], [121.05689112700009, 14.548923891000072], [121.05685893700002, 14.548798907000048], [121.05679934400007, 14.54849940500003], [121.05669969500002, 14.54783059600004], [121.05665265100004, 14.547578771000076], [121.05663245900007, 14.547477725000022], [121.05660464900006, 14.54738683200003], [121.0565612040001, 14.547275420000062], [121.05650937000007, 14.547163897000075], [121.05641344000003, 14.546976502000064], [121.05631106500005, 14.546820168000067], [121.05621694900003, 14.546710266000048], [121.0560823300001, 14.546554893000064], [121.05592752200005, 14.546410492000064], [121.05576934100009, 14.546293881000054], [121.05560361200003, 14.546184636000078], [121.05531156100005, 14.54601959200005], [121.05493611800011, 14.545819923000067], [121.05464644500012, 14.545649538000077], [121.05439434700008, 14.545480018000035], [121.05419402100006, 14.54532247800006], [121.0540267350001, 14.545168801000045], [121.0538807690001, 14.54500889600007], [121.05379840500007, 14.544905085000039], [121.05367645900003, 14.544723178000027], [121.05360449000011, 14.54460404200006], [121.05352327500009, 14.544425706000027], [121.05346715500002, 14.544306455000026], [121.05341120000003, 14.54414104500006], [121.05334366300008, 14.54387795100007], [121.05331957100009, 14.54369553600003], [121.05330649600012, 14.543585481000036], [121.05311059900009, 14.543806977000031], [121.05305396300002, 14.543867844000033], [121.0530098380001, 14.543907514000068], [121.05297781400009, 14.543947059000061], [121.05293759000006, 14.54401394000007], [121.05284921700002, 14.544288704000053], [121.05261006500007, 14.54498260300005], [121.05247975400005, 14.545321122000075], [121.05245767200006, 14.545389645000057], [121.05245510300006, 14.545446698000035], [121.05246613500003, 14.545509657000025], [121.05237244400007, 14.545484465000072], [121.05208284600008, 14.545457093000039], [121.051878611, 14.545453219000024], [121.05172153500007, 14.545454074000077], [121.05153826000003, 14.545456887000057], [121.0513476640001, 14.545479818000047], [121.05115774500007, 14.545507606000058], [121.05096463400002, 14.54556092200005], [121.05082353800003, 14.545600893000028], [121.05071193000003, 14.545640486000025], [121.05056900400007, 14.545698296000069], [121.05045112500011, 14.545757123000044], [121.0503386370001, 14.545818944000075], [121.05020483200008, 14.545897884000055], [121.05011600500006, 14.54596321300005], [121.05004866800004, 14.546019283000021], [121.04999093000004, 14.546069364000061], [121.04993509400003, 14.546119408000038], [121.04987433000008, 14.546173080000074], [121.04983139400008, 14.546215247000077], [121.04973117000009, 14.546313673000043], [121.0496683240001, 14.546374058000026], [121.04960637200008, 14.546434860000033], [121.04952040300009, 14.546492512000043], [121.04945141400003, 14.546530099000051], [121.04936999100005, 14.546574436000071], [121.04927424700008, 14.546618814000055], [121.04916524400005, 14.546657027000037], [121.04907385700005, 14.546685264000075], [121.04890180400002, 14.546718776000034], [121.04881831000012, 14.54673751000007], [121.04871937400003, 14.546744163000028], [121.04860674400004, 14.54674269000003], [121.04852590100006, 14.546737263000068], [121.04842420700004, 14.546725536000054], [121.0483029830001, 14.54669924500007], [121.04819717200007, 14.546667126000045], [121.04808625900012, 14.546624234000035], [121.0480038710001, 14.546595918000037], [121.04790677900007, 14.546547823000026], [121.04780111500008, 14.546483162000072], [121.0477216480001, 14.546423257000072], [121.04765817000009, 14.546369898000023], [121.04759247100003, 14.546302837000042], [121.04749259300002, 14.54621646000004], [121.04742833500006, 14.54614768500005], [121.04719182300005, 14.545901110000045], [121.04706695800007, 14.545777592000036], [121.0469555410001, 14.545658802000048], [121.04685290000009, 14.545553838000046], [121.04676354000003, 14.545467062000057], [121.04667576000008, 14.54539397700006], [121.046571405, 14.545322221000049], [121.04645295300008, 14.545263156000033], [121.0463439560001, 14.545213122000064], [121.04622034300007, 14.545170264000035], [121.04610992900007, 14.545138190000046], [121.0459832680001, 14.545115065000061], [121.04589176900004, 14.545097318000046], [121.04574697700002, 14.545076015000063], [121.04555945900006, 14.545043730000032], [121.04477925200001, 14.546514775000048], [121.04432745100007, 14.548186438000073], [121.04360946100007, 14.550108210000076], [121.04354792100003, 14.550435865000054], [121.0431296810001, 14.552662697000073], [121.04276723700002, 14.553967494000062], [121.04282357400007, 14.55497753000003], [121.0427869130001, 14.554983844000049], [121.04275453500009, 14.555002776000038], [121.04273297600002, 14.555023696000035], [121.04271681800003, 14.555049780000047], [121.0427103400001, 14.555076934000056], [121.0427092330001, 14.555110352000042], [121.04253590000008, 14.555177927000045], [121.04248256200003, 14.555204537000066], [121.04244543800007, 14.555237089000059], [121.04241825600002, 14.555262368000058], [121.04239114400002, 14.555300819000024], [121.04237017500009, 14.555335610000043], [121.04235391600002, 14.555367997000076], [121.0423413640001, 14.555402822000076], [121.0423349570001, 14.555456922000076], [121.04234402600002, 14.555568060000041], [121.04263260900007, 14.555551351000076], [121.0428945110001, 14.555541836000032], [121.04305479200002, 14.555673123000076], [121.04322483300007, 14.555817612000055], [121.04330977000006, 14.55573204600006], [121.04336957400005, 14.555683548000047], [121.04345267800011, 14.555621788000053], [121.04354177300002, 14.555574798000066], [121.04367207300004, 14.555527608000034], [121.04411291800011, 14.555461666000042], [121.04459174600004, 14.555403782000042], [121.04493111400006, 14.55536817500007], [121.04523688600011, 14.55531452100007], [121.04528455600007, 14.555673574000025], [121.0457891640001, 14.555508170000053], [121.0465021550001, 14.556323415000065], [121.0467109440001, 14.556153766000023], [121.04713694800012, 14.55576689000003], [121.047506526, 14.55524248200004], [121.04771824800002, 14.555365918000064], [121.04794191300005, 14.555488483000033], [121.04816758100003, 14.555594679000023], [121.04839725900001, 14.55568979700007], [121.04863318100001, 14.55577485200007], [121.0488681920001, 14.555852619000063], [121.04895958100008, 14.55601850100004], [121.0492591840001, 14.556261929000073], [121.04963720300009, 14.556528420000063], [121.04982913600008, 14.556725035000056], [121.04995553100002, 14.556692266000027], [121.05018491500005, 14.556612684000072], [121.05046696000011, 14.556556851000039], [121.05096785900002, 14.55638364300006], [121.05108091300008, 14.556913613000063], [121.05118359700009, 14.556908717000056], [121.05130177500007, 14.55689893300007], [121.05141455900002, 14.556897295000056], [121.05154712, 14.556826512000043], [121.05169739700011, 14.557290530000046], [121.05124624500002, 14.557436154000072], [121.0506848770001, 14.55764705200005], [121.050920216, 14.558091922000074], [121.05145245400001, 14.559589318000064], [121.05150005200005, 14.559706162000055], [121.05152556700011, 14.559761466000054], [121.05155973400008, 14.559783077000077], [121.05169432800005, 14.560007340000027], [121.05190663300004, 14.559910323000054], [121.0520755770001, 14.559978461000071], [121.05234037900004, 14.560066774000063], [121.05249573600008, 14.560135296000055], [121.05306296000003, 14.560339483000064], [121.05316137000011, 14.560366396000063], [121.05322325600002, 14.560383307000052], [121.05360897000003, 14.56052186100004], [121.05380655800002, 14.560571433000064], [121.05385742200008, 14.560720511000056], [121.05370618200004, 14.560734282000055], [121.05354571300006, 14.560748033000039], [121.05340892900006, 14.560777029000064], [121.05327083100008, 14.560798289000047], [121.0531625970001, 14.560807874000034], [121.05308956800002, 14.56081593500005], [121.05302218200006, 14.560826477000035], [121.05293806800012, 14.560845940000036], [121.05285574800007, 14.560855146000051], [121.05277740200006, 14.560862845000031], [121.05269269000007, 14.56086042100003], [121.05264946700004, 14.561580602000049], [121.05354285700002, 14.561518590000048], [121.05360876800012, 14.561506856000051], [121.05377151200003, 14.561448940000048], [121.05392636800002, 14.561374648000026], [121.0540558560001, 14.56133268900004], [121.05407438400005, 14.561434720000022], [121.05408622100003, 14.561527444000035], [121.05409016700003, 14.561610304000055], [121.05408735500009, 14.561772972000028], [121.05408379800008, 14.561956770000052], [121.0540932020001, 14.562136851000048], [121.05418641500012, 14.562876689000063], [121.05425651300004, 14.563369052000041], [121.05428371200003, 14.563651243000038], [121.0543550430001, 14.564190860000053], [121.0543978820001, 14.564489682000044], [121.0544262950001, 14.564679008000041], [121.05451416500011, 14.565591360000042], [121.05461935400001, 14.56583983400003], [121.05525432600007, 14.565660334000029]]]]}}, {"type": "Feature", "properties": {"ADM4_EN": "Post Proper Southside", "ADM4_PCODE": "PH1307602022", "ADM4_REF": null, "ADM3_EN": "City of Makati", "ADM3_PCODE": "PH1307602", "ADM2_EN": "Metropolitan Manila Fourth District", "ADM2_PCODE": "PH13076", "ADM1_EN": "National Capital Region (NCR)", "ADM1_PCODE": "PH13", "ADM0_EN": "Philippines (the)", "ADM0_PCODE": "PH", "date": "2022-11-09", "validOn": "2023-11-06", "validTo": null, "Shape_Leng": 0.0339558281, "Shape_Area": 6.329769e-05, "AREA_SQKM": 0.75481517426, "name": "Post Proper Southside"}, "geometry": {"type": "MultiPolygon", "coordinates": [[[[121.04881831000012, 14.54673751000007], [121.04890180400002, 14.546718776000034], [121.04907385700005, 14.546685264000075], [121.04916524400005, 14.546657027000037], [121.04927424700008, 14.546618814000055], [121.04936999100005, 14.546574436000071], [121.04945141400003, 14.546530099000051], [121.04952040300009, 14.546492512000043], [121.04960637200008, 14.546434860000033], [121.0496683240001, 14.546374058000026], [121.04973117000009, 14.546313673000043], [121.04983139400008, 14.546215247000077], [121.04987433000008, 14.546173080000074], [121.04993509400003, 14.546119408000038], [121.04999093000004, 14.546069364000061], [121.05004866800004, 14.546019283000021], [121.05011600500006, 14.54596321300005], [121.05020483200008, 14.545897884000055], [121.0503386370001, 14.545818944000075], [121.05045112500011, 14.545757123000044], [121.05056900400007, 14.545698296000069], [121.05071193000003, 14.545640486000025], [121.05082353800003, 14.545600893000028], [121.05096463400002, 14.54556092200005], [121.05115774500007, 14.545507606000058], [121.0513476640001, 14.545479818000047], [121.05153826000003, 14.545456887000057], [121.05172153500007, 14.545454074000077], [121.051878611, 14.545453219000024], [121.05208284600008, 14.545457093000039], [121.05237244400007, 14.545484465000072], [121.05246613500003, 14.545509657000025], [121.05245510300006, 14.545446698000035], [121.05245767200006, 14.545389645000057], [121.05247975400005, 14.545321122000075], [121.05261006500007, 14.54498260300005], [121.05284921700002, 14.544288704000053], [121.05293759000006, 14.54401394000007], [121.05297781400009, 14.543947059000061], [121.0530098380001, 14.543907514000068], [121.05305396300002, 14.543867844000033], [121.05311059900009, 14.543806977000031], [121.05330649600012, 14.543585481000036], [121.05330108900012, 14.543440255000064], [121.0532967360001, 14.543302353000058], [121.0533022840001, 14.543191388000025], [121.05330989200002, 14.543122942000025], [121.05333023500009, 14.543002388000048], [121.05335643600006, 14.542867989000058], [121.05338726600007, 14.542718083000068], [121.05343062500003, 14.542586070000027], [121.05328143400004, 14.542459378000046], [121.05354691500008, 14.539617295000028], [121.05311337300009, 14.539418588000046], [121.05327595100005, 14.538930853000068], [121.05272384500006, 14.538589321000075], [121.05190951800012, 14.538203587000055], [121.051609503, 14.537674989000038], [121.05169522200003, 14.53711781800007], [121.05159521700011, 14.536117767000064], [121.05155845400009, 14.535643612000058], [121.04867121300003, 14.535675037000033], [121.04846865700006, 14.535685532000059], [121.04733100300007, 14.535678566000058], [121.04722437200007, 14.535632447000069], [121.04714098900001, 14.535564023000063], [121.04699974500011, 14.53548545600006], [121.04688583500001, 14.535537307000027], [121.04680360400005, 14.535564290000025], [121.0466990970001, 14.53559924700005], [121.04659417200003, 14.53562372700003], [121.04646101700007, 14.53564360100006], [121.0469310090001, 14.537134453000021], [121.04698798600009, 14.541464736000023], [121.04639399500002, 14.542844201000037], [121.04633577300001, 14.542997515000025], [121.04626698200002, 14.543186191000075], [121.04611448500009, 14.54361745400007], [121.04599406300008, 14.543950823000046], [121.045870336, 14.544297334000078], [121.04580350100002, 14.544518362000076], [121.04577163300007, 14.544658009000045], [121.04574897700002, 14.544778675000032], [121.04573285400011, 14.544907700000067], [121.04574697700002, 14.545076015000063], [121.04589176900004, 14.545097318000046], [121.0459832680001, 14.545115065000061], [121.04610992900007, 14.545138190000046], [121.04622034300007, 14.545170264000035], [121.0463439560001, 14.545213122000064], [121.04645295300008, 14.545263156000033], [121.046571405, 14.545322221000049], [121.04667576000008, 14.54539397700006], [121.04676354000003, 14.545467062000057], [121.04685290000009, 14.545553838000046], [121.0469555410001, 14.545658802000048], [121.04706695800007, 14.545777592000036], [121.04719182300005, 14.545901110000045], [121.04742833500006, 14.54614768500005], [121.04749259300002, 14.54621646000004], [121.04759247100003, 14.546302837000042], [121.04765817000009, 14.546369898000023], [121.0477216480001, 14.546423257000072], [121.04780111500008, 14.546483162000072], [121.04790677900007, 14.546547823000026], [121.0480038710001, 14.546595918000037], [121.04808625900012, 14.546624234000035], [121.04819717200007, 14.546667126000045], [121.0483029830001, 14.54669924500007], [121.04842420700004, 14.546725536000054], [121.04852590100006, 14.546737263000068], [121.04860674400004, 14.54674269000003], [121.04871937400003, 14.546744163000028], [121.04881831000012, 14.54673751000007]]]]}}, {"type": "Feature", "properties": {"ADM4_EN": "Rizal", "ADM4_PCODE": "PH1307602033", "ADM4_REF": null, "ADM3_EN": "City of Makati", "ADM3_PCODE": "PH1307602", "ADM2_EN": "Metropolitan Manila Fourth District", "ADM2_PCODE": "PH13076", "ADM1_EN": "National Capital Region (NCR)", "ADM1_PCODE": "PH13", "ADM0_EN": "Philippines (the)", "ADM0_PCODE": "PH", "date": "2022-11-09", "validOn": "2023-11-06", "validTo": null, "Shape_Leng": 0.03586559444, "Shape_Area": 5.299477e-05, "AREA_SQKM": 0.63196576478, "name": "Rizal"}, "geometry": {"type": "MultiPolygon", "coordinates": [[[[121.05963372300005, 14.541327205000073], [121.06005764000008, 14.54129372500006], [121.06045067000002, 14.54124334200003], [121.06108332500003, 14.541156515000068], [121.06168148900008, 14.541055150000034], [121.06234447100007, 14.540958689000036], [121.06248995800001, 14.541011914000023], [121.06268263200002, 14.540706019000027], [121.06315719300005, 14.540347774000054], [121.0635664890001, 14.54021162600003], [121.06399025200005, 14.540087261000053], [121.06423862300005, 14.539997475000064], [121.06462559200008, 14.53980189300006], [121.06488049100005, 14.539555925000059], [121.06513563600004, 14.539287019000028], [121.06525527200006, 14.53909976600005], [121.06538346500008, 14.538903541000025], [121.06568554400008, 14.538425829000062], [121.06579048600008, 14.53830874700003], [121.06602935900003, 14.538074352000024], [121.0662306270001, 14.537870743000042], [121.06641223300005, 14.537754094000036], [121.0665845740001, 14.53764708600005], [121.06679856900007, 14.537371046000032], [121.0668545200001, 14.537301607000074], [121.0670868950001, 14.536947476000023], [121.06721034200007, 14.536801957000023], [121.06725503700011, 14.536635925000041], [121.0672087700001, 14.536285276000058], [121.06706231700002, 14.53609130700005], [121.06692356700012, 14.535837652000055], [121.06664600200008, 14.535576625000033], [121.06632175100003, 14.535398303000022], [121.06620877400007, 14.535356160000049], [121.06595162100007, 14.535264651000034], [121.06570129500005, 14.535216460000072], [121.06555151900011, 14.53518891300007], [121.06467797200003, 14.535170289000064], [121.06432556800007, 14.53516330900004], [121.06344160800006, 14.535241294000059], [121.06328005800003, 14.53525353200007], [121.06302413700007, 14.535260910000034], [121.06272282200007, 14.53526770600007], [121.06248947300003, 14.53526770600007], [121.06227712800012, 14.535269499000037], [121.06199105700011, 14.535276768000074], [121.0617142540001, 14.535277307000058], [121.06144621700003, 14.535105373000022], [121.06141283600004, 14.535072914000068], [121.06126890500002, 14.534941237000055], [121.06118417100004, 14.534635477000052], [121.0611926360001, 14.534303947000069], [121.06121234200009, 14.53384180300003], [121.06129372300006, 14.533548219000068], [121.06130188700001, 14.533500724000078], [121.06147566600009, 14.532725046000053], [121.0614989710001, 14.532677340000077], [121.06146416800004, 14.532621944000027], [121.06140383400009, 14.532560527000044], [121.06135245300004, 14.532531264000056], [121.06126774100005, 14.532504924000023], [121.06117390300005, 14.532481504000032], [121.06100675000005, 14.532437145000074], [121.06092577700008, 14.532327776000045], [121.06087991800007, 14.532266077000031], [121.06078884700003, 14.532179146000033], [121.06055229100002, 14.531985847000044], [121.06023554600006, 14.531760887000075], [121.06000404400004, 14.53158847900005], [121.05994628700012, 14.531538617000024], [121.05990366900005, 14.531479920000038], [121.05985520400009, 14.531406396000023], [121.05978958900005, 14.531242083000052], [121.05973016200005, 14.531029767000064], [121.05952611700002, 14.531021831000032], [121.05921282000008, 14.531121208000059], [121.05920758000002, 14.531106865000027], [121.0589081280001, 14.53119676800003], [121.05893387000003, 14.531280289000051], [121.05905816300003, 14.531716308000057], [121.05926965900005, 14.532354140000052], [121.05929120200005, 14.532410939000044], [121.05915076600002, 14.532477594000056], [121.05905009600008, 14.532525727000063], [121.05896155700009, 14.532561002000023], [121.058857869, 14.532602032000057], [121.05873831100007, 14.532644795000067], [121.05875343500009, 14.532705558000032], [121.0588002940001, 14.532874457000048], [121.0585771000001, 14.532953846000055], [121.05838717400002, 14.533084966000047], [121.05853689500009, 14.533688513000072], [121.0583298570001, 14.533742635000067], [121.05838092800002, 14.53395856700007], [121.0581535450001, 14.533994712000037], [121.05837715200005, 14.534904948000076], [121.05844801400008, 14.53522027400004], [121.05854899200006, 14.53563200700006], [121.05854688500006, 14.535687130000042], [121.05852773400011, 14.535727466000026], [121.05845348100002, 14.535782052000059], [121.05829889400002, 14.535913029000028], [121.05811622100009, 14.536060654000039], [121.05801395000003, 14.535926738000057], [121.05779210700007, 14.536210857000071], [121.05782262900004, 14.536251553000056], [121.05788367200012, 14.536404160000075], [121.05820923600004, 14.536831462000066], [121.05879253000012, 14.537302496000052], [121.05877974500004, 14.537557579000065], [121.0586454270001, 14.537724548000028], [121.058443882, 14.537939409000046], [121.05812292900009, 14.538304201000074], [121.05798164300006, 14.538501537000059], [121.05779508800003, 14.538742134000074], [121.0576350990001, 14.53901713700003], [121.05750501400007, 14.539296500000034], [121.05765810500009, 14.539491048000059], [121.05780377600001, 14.539666112000077], [121.05787484500001, 14.53974855000007], [121.05806033700003, 14.539991368000074], [121.05807323400006, 14.540005363000034], [121.0583327270001, 14.540278444000023], [121.05842798000003, 14.540380085000038], [121.05861309700003, 14.540533796000034], [121.0589218230001, 14.540826318000029], [121.05919740700006, 14.541076373000067], [121.0591806430001, 14.541209440000046], [121.05923427800008, 14.541238838000027], [121.05949967600009, 14.54138245100006], [121.05963372300005, 14.541327205000073]]]]}}, {"type": "Feature", "properties": {"ADM4_EN": "San Miguel", "ADM4_PCODE": "PH1307607026", "ADM4_REF": null, "ADM3_EN": "Taguig City", "ADM3_PCODE": "PH1307607", "ADM2_EN": "Metropolitan Manila Fourth District", "ADM2_PCODE": "PH13076", "ADM1_EN": "National Capital Region (NCR)", "ADM1_PCODE": "PH13", "ADM0_EN": "Philippines (the)", "ADM0_PCODE": "PH", "date": "2022-11-09", "validOn": "2023-11-06", "validTo": null, "Shape_Leng": 0.0412640995, "Shape_Area": 6.44196e-05, "AREA_SQKM": 0.76826949309, "name": "San Miguel"}, "geometry": {"type": "MultiPolygon", "coordinates": [[[[121.06926616700002, 14.523011327000063], [121.06954451100012, 14.522745217000022], [121.06982405000008, 14.52251268200007], [121.07009157200002, 14.52228599700004], [121.0701447890001, 14.522239178000063], [121.07036936000009, 14.522062079000023], [121.07037819700008, 14.522056750000047], [121.07145662500011, 14.521435053000062], [121.07153729700008, 14.521418606000054], [121.07195986800002, 14.52127346900005], [121.07202802200004, 14.52123387000006], [121.07253549000006, 14.52110052300003], [121.07294721700009, 14.520953991000056], [121.07319626700007, 14.520872464000036], [121.07347699600007, 14.520801921000043], [121.07389864100003, 14.520761265000033], [121.07384129900004, 14.520060260000037], [121.0737946800001, 14.51975589600005], [121.07434786500005, 14.519649676000029], [121.07429583500004, 14.519393506000029], [121.07409279700005, 14.518637640000065], [121.07395285200005, 14.518135254000072], [121.07527610200009, 14.517568628000049], [121.07523651800011, 14.517364132000068], [121.07519605300001, 14.517320007000023], [121.07480638400011, 14.516629475000059], [121.07463730600011, 14.516285057000061], [121.07340183000008, 14.516884148000031], [121.07282316900012, 14.517176323000058], [121.07226462900007, 14.51633152200003], [121.07162029500012, 14.51530705600004], [121.07097108900007, 14.51573466800005], [121.07072356600008, 14.515292087000034], [121.06991530000005, 14.514159069000073], [121.06776896600002, 14.51526556500005], [121.06793899500008, 14.515701700000022], [121.06797918000007, 14.515875837000067], [121.06815125000003, 14.516365026000074], [121.06755715200006, 14.516589354000075], [121.06743568400009, 14.516345397000066], [121.06620724700008, 14.516777876000049], [121.06400954800006, 14.51721193000003], [121.06253304900008, 14.517511470000045], [121.06202193400009, 14.517568510000046], [121.06188681000003, 14.519615286000032], [121.0618454370001, 14.520352012000046], [121.06190302100003, 14.520696677000046], [121.06191966500012, 14.520971123000038], [121.06193311900006, 14.521118874000024], [121.06451528900004, 14.521201834000067], [121.06457391200001, 14.521181564000074], [121.06504712000003, 14.521165341000028], [121.06569195400004, 14.52113291300003], [121.06585104800001, 14.521124805000056], [121.0659473720001, 14.521112600000038], [121.06600180900011, 14.521153133000041], [121.0662152000001, 14.520963792000032], [121.06676308600004, 14.52094011500003], [121.06719390800004, 14.520926510000038], [121.06778680500008, 14.52090720600006], [121.06776745700006, 14.521520857000041], [121.06775974900006, 14.52162082500007], [121.06774055100004, 14.521702211000047], [121.06767088800007, 14.521801330000073], [121.06768037200004, 14.522297214000048], [121.06791334000002, 14.522299608000026], [121.06797691100007, 14.522299566000072], [121.06803655700003, 14.522287422000034], [121.06819266600007, 14.522387493000053], [121.06827451100003, 14.52246561000004], [121.06899059200009, 14.523254068000028], [121.06926616700002, 14.523011327000063]]]]}}, {"type": "Feature", "properties": {"ADM4_EN": "Santa Ana", "ADM4_PCODE": "PH1307607012", "ADM4_REF": null, "ADM3_EN": "Taguig City", "ADM3_PCODE": "PH1307607", "ADM2_EN": "Metropolitan Manila Fourth District", "ADM2_PCODE": "PH13076", "ADM1_EN": "National Capital Region (NCR)", "ADM1_PCODE": "PH13", "ADM0_EN": "Philippines (the)", "ADM0_PCODE": "PH", "date": "2022-11-09", "validOn": "2023-11-06", "validTo": null, "Shape_Leng": 0.06833222149, "Shape_Area": 0.00016079035, "AREA_SQKM": 1.91757196338, "name": "Santa Ana"}, "geometry": {"type": "MultiPolygon", "coordinates": [[[[121.07504561700011, 14.529465061000053], [121.07523458900005, 14.529768560000036], [121.07549799100002, 14.529816445000051], [121.07578761600007, 14.529765895000025], [121.0758730230001, 14.529752656000028], [121.07592998500002, 14.529724600000065], [121.0761946, 14.529587561000028], [121.07656798900007, 14.529381971000078], [121.07664451100004, 14.529645967000022], [121.07703028700007, 14.529435344000035], [121.07743228700008, 14.52919672400003], [121.07792644000006, 14.529055026000037], [121.07812603800005, 14.528975754000044], [121.07845226100005, 14.528858365000076], [121.0785196060001, 14.528760286000022], [121.07885270000008, 14.528890664000073], [121.07990173100006, 14.528918049000026], [121.07995270800006, 14.528418464000026], [121.0805514650001, 14.528339307000067], [121.08080463100009, 14.528283783000063], [121.08095409700002, 14.528247337000039], [121.08105494000006, 14.528220222000073], [121.08124184400003, 14.52816847400004], [121.08155311500002, 14.528057877000037], [121.08164415100009, 14.528037638000058], [121.08322471500003, 14.527532159000032], [121.08330886300007, 14.527518096000051], [121.08339569800012, 14.527504025000042], [121.08300015200007, 14.526356289000034], [121.08554440600005, 14.52525724700007], [121.08602676400005, 14.524696865000067], [121.08626672100002, 14.524455756000066], [121.09217350200004, 14.518079367000041], [121.09205258800012, 14.518372106000072], [121.09203244200012, 14.518459925000059], [121.09202239400008, 14.518694105000066], [121.0920022570001, 14.518859983000027], [121.09201619200007, 14.518967795000037], [121.09299156700001, 14.519052197000065], [121.092958812, 14.518980154000076], [121.09265581000011, 14.518537183000035], [121.09264980700004, 14.51809821200004], [121.09246680500007, 14.517638242000032], [121.09212280500003, 14.517794234000064], [121.09139679800012, 14.516545318000055], [121.09199679700009, 14.516327329000035], [121.0913057890001, 14.515056413000025], [121.09063778000007, 14.513512516000048], [121.08978477100004, 14.511953620000043], [121.08935376700003, 14.511263666000048], [121.08857920300011, 14.509622162000028], [121.08634925700005, 14.511169824000035], [121.08593777800002, 14.51145014900004], [121.0851604400001, 14.512010574000044], [121.08476317500003, 14.51239253700004], [121.08453450400009, 14.512687430000028], [121.08436702300003, 14.51301167400004], [121.08421514600002, 14.513350693000064], [121.0841237730001, 14.513719182000045], [121.08404770100003, 14.514131944000042], [121.08397160600009, 14.51445622500006], [121.08395644500001, 14.514780492000057], [121.0838651140001, 14.515104786000052], [121.08377378600005, 14.515443817000062], [121.08365199700006, 14.515797581000072], [121.08353017200011, 14.516062864000048], [121.08336266100002, 14.516372283000067], [121.08285868100006, 14.517065031000072], [121.08150370900012, 14.519174809000049], [121.08121617400002, 14.51950938300007], [121.08100216700007, 14.51965699300007], [121.08072825300007, 14.519760183000074], [121.08046965200003, 14.519922349000069], [121.08028770700002, 14.52015824800003], [121.08007068300003, 14.52042681100005], [121.07979843100009, 14.520859233000067], [121.07975475, 14.520933643000035], [121.07967883200001, 14.521213856000031], [121.07961714500004, 14.521494239000049], [121.07957097000008, 14.521782788000053], [121.0795862540001, 14.522092402000055], [121.07955547800009, 14.522298978000038], [121.0795398250001, 14.522490793000031], [121.07947870500004, 14.522697218000076], [121.07940296400011, 14.522888742000077], [121.07925064300002, 14.523050908000073], [121.07905239000002, 14.523213084000076], [121.07880847700005, 14.523316267000041], [121.07829050700002, 14.523404673000073], [121.07787951800003, 14.523434116000033], [121.07737763000011, 14.52347827400007], [121.0769992060001, 14.523486410000032], [121.07665017600004, 14.52351562900003], [121.07625513500011, 14.52351548200005], [121.0758747650001, 14.523515548000034], [121.07552475200009, 14.523515690000067], [121.0751749320001, 14.523545182000078], [121.07484038400003, 14.523618765000037], [121.0745666470001, 14.52370693100005], [121.07427751000012, 14.523809867000068], [121.07407962400009, 14.523942435000038], [121.0739428170001, 14.524075117000052], [121.07380610200005, 14.524237170000049], [121.07373018100009, 14.524310797000055], [121.07362397300005, 14.524502139000049], [121.0735785380001, 14.524722842000074], [121.07356345300002, 14.52491408000003], [121.07356362300004, 14.525160195000069], [121.0735638970001, 14.525542789000042], [121.073532279, 14.52594472800007], [121.07351776200005, 14.52605767600005], [121.07342604000007, 14.526396414000033], [121.07333464800001, 14.526688869000054], [121.07328907300007, 14.526909759000034], [121.0738705660001, 14.527487220000069], [121.07354499400003, 14.528024752000022], [121.07341670000005, 14.52827607000006], [121.07334147900008, 14.528407852000043], [121.07307513800004, 14.528917792000072], [121.0732355770001, 14.52903172300006], [121.07335037200005, 14.528845900000022], [121.07381203800003, 14.529084461000025], [121.07399540900008, 14.529171452000071], [121.073637716, 14.529697132000024], [121.07391620200008, 14.52968166100004], [121.07406318000005, 14.529898261000028], [121.07504561700011, 14.529465061000053]]]]}}, {"type": "Feature", "properties": {"ADM4_EN": "South Cembo", "ADM4_PCODE": "PH1307602028", "ADM4_REF": null, "ADM3_EN": "City of Makati", "ADM3_PCODE": "PH1307602", "ADM2_EN": "Metropolitan Manila Fourth District", "ADM2_PCODE": "PH13076", "ADM1_EN": "National Capital Region (NCR)", "ADM1_PCODE": "PH13", "ADM0_EN": "Philippines (the)", "ADM0_PCODE": "PH", "date": "2022-11-09", "validOn": "2023-11-06", "validTo": null, "Shape_Leng": 0.02705043945, "Shape_Area": 1.807145e-05, "AREA_SQKM": 0.21548216734, "name": "South Cembo"}, "geometry": {"type": "MultiPolygon", "coordinates": [[[[121.05317905400011, 14.562094251000076], [121.05321091200005, 14.562022570000067], [121.05327993900005, 14.56203053400003], [121.05334896500005, 14.562038499000039], [121.05340206200003, 14.562049118000061], [121.0534498500001, 14.56197478200005], [121.05350294700008, 14.561876553000047], [121.05357462800009, 14.561778323000055], [121.05367020300002, 14.561688058000072], [121.05371799000011, 14.561648235000064], [121.0537817070001, 14.561629651000032], [121.05385737100005, 14.561616222000055], [121.05408622100003, 14.561527444000035], [121.05407438400005, 14.561434720000022], [121.0540558560001, 14.56133268900004], [121.05392636800002, 14.561374648000026], [121.05377151200003, 14.561448940000048], [121.05360876800012, 14.561506856000051], [121.05354285700002, 14.561518590000048], [121.05264946700004, 14.561580602000049], [121.05269269000007, 14.56086042100003], [121.05277740200006, 14.560862845000031], [121.05285574800007, 14.560855146000051], [121.05293806800012, 14.560845940000036], [121.05302218200006, 14.560826477000035], [121.05308956800002, 14.56081593500005], [121.0531625970001, 14.560807874000034], [121.05327083100008, 14.560798289000047], [121.05340892900006, 14.560777029000064], [121.05354571300006, 14.560748033000039], [121.05370618200004, 14.560734282000055], [121.05385742200008, 14.560720511000056], [121.05380655800002, 14.560571433000064], [121.05360897000003, 14.56052186100004], [121.05322325600002, 14.560383307000052], [121.05316137000011, 14.560366396000063], [121.05306296000003, 14.560339483000064], [121.05249573600008, 14.560135296000055], [121.05234037900004, 14.560066774000063], [121.0520755770001, 14.559978461000071], [121.05190663300004, 14.559910323000054], [121.05169432800005, 14.560007340000027], [121.05155973400008, 14.559783077000077], [121.05152556700011, 14.559761466000054], [121.05150005200005, 14.559706162000055], [121.05145245400001, 14.559589318000064], [121.050920216, 14.558091922000074], [121.0506848770001, 14.55764705200005], [121.05124624500002, 14.557436154000072], [121.05169739700011, 14.557290530000046], [121.05154712, 14.556826512000043], [121.05141455900002, 14.556897295000056], [121.05130177500007, 14.55689893300007], [121.05118359700009, 14.556908717000056], [121.05108091300008, 14.556913613000063], [121.05096785900002, 14.55638364300006], [121.05046696000011, 14.556556851000039], [121.05018491500005, 14.556612684000072], [121.04995553100002, 14.556692266000027], [121.04982913600008, 14.556725035000056], [121.04963720300009, 14.556528420000063], [121.0492591840001, 14.556261929000073], [121.04895958100008, 14.55601850100004], [121.0488681920001, 14.555852619000063], [121.04861161100007, 14.556255260000057], [121.04857030900007, 14.556274603000077], [121.0485199740001, 14.556329616000028], [121.04848473100003, 14.556393773000025], [121.04817684600005, 14.556555151000055], [121.0481481490001, 14.55656741000007], [121.047918116, 14.556694812000046], [121.0476231340001, 14.556845606000024], [121.0474253320001, 14.556925166000042], [121.04733354400003, 14.55696376000003], [121.04727691800008, 14.55699151600004], [121.04701723700009, 14.557104612000046], [121.04727321300004, 14.557437381000057], [121.04741051000008, 14.557553734000066], [121.04766881300009, 14.557953988000065], [121.04777120300002, 14.558047070000043], [121.04777585800002, 14.558128517000057], [121.04781541800003, 14.558275122000055], [121.047945733, 14.558442670000034], [121.0480411420001, 14.558528771000056], [121.0481156080001, 14.558561350000048], [121.04819472800011, 14.558575312000073], [121.04844599300009, 14.55896169700003], [121.04867740000009, 14.559230971000034], [121.04879941500008, 14.559302497000033], [121.04888356300012, 14.559479208000027], [121.048971918, 14.559769518000053], [121.048968768, 14.559949906000043], [121.04894596400004, 14.560186023000028], [121.04893023900001, 14.560322351000025], [121.04892809900002, 14.560363021000057], [121.04892167700007, 14.560455062000074], [121.04891311500012, 14.560493591000068], [121.04890241300006, 14.560517136000044], [121.0488767270001, 14.560517136000044], [121.048855322, 14.560523558000057], [121.04896234600005, 14.560632723000026], [121.04905010700008, 14.560707640000032], [121.04909719700004, 14.560726904000035], [121.04916569300008, 14.560763293000036], [121.04924620400004, 14.560761194000065], [121.04929198200011, 14.560765433000029], [121.04936047800004, 14.560812524000028], [121.04937332100008, 14.560874598000055], [121.04938402300002, 14.561077945000022], [121.04955645900009, 14.561305806000064], [121.04973673800009, 14.561464624000052], [121.04978880200008, 14.561454430000026], [121.04983393400005, 14.561414607000074], [121.04989234100003, 14.561380094000071], [121.04995605800002, 14.561340271000063], [121.0499985350001, 14.561271245000057], [121.050082986, 14.561250962000031], [121.05012165800008, 14.561231117000034], [121.05015524100008, 14.561275386000034], [121.05017457600002, 14.561351711000043], [121.05018068200002, 14.561442792000037], [121.05021223000006, 14.561468743000034], [121.05025497200006, 14.561464164000029], [121.05031446300006, 14.561435846000052], [121.05037552500005, 14.561382749000074], [121.05043393200003, 14.561308413000063], [121.050484374, 14.56129779400004], [121.05056667500003, 14.561303103000057], [121.05063039100003, 14.561345581000069], [121.05069676300002, 14.561342926000066], [121.05077375400003, 14.561366820000046], [121.05086667400008, 14.561417262000077], [121.05096755800002, 14.561459740000032], [121.05103393000002, 14.561512837000066], [121.05112419500006, 14.561560625000027], [121.05119853100007, 14.561547350000069], [121.05126490200007, 14.561544695000066], [121.05134189300009, 14.561576554000055], [121.05138968000006, 14.561597793000033], [121.05140561000007, 14.56167743800006], [121.0514162290001, 14.56177301300005], [121.05140030000007, 14.56187920700006], [121.05139499000006, 14.561953543000072], [121.05140561000007, 14.562009295000053], [121.05144012300002, 14.562049118000061], [121.05149056500011, 14.562083631000064], [121.051564901, 14.56208894100007], [121.05163086400012, 14.562068357000044], [121.05171622800003, 14.562049118000061], [121.05178259900003, 14.562011950000056], [121.05187286400007, 14.562003986000036], [121.05197905900002, 14.561990711000021], [121.05211445600003, 14.561977437000053], [121.0522312700001, 14.561985402000062], [121.05234277400007, 14.562046463000058], [121.05245693300003, 14.562099561000025], [121.0525287370001, 14.562088499000026], [121.05260029500005, 14.562073012000042], [121.05273038300004, 14.562059738000073], [121.05279675500003, 14.562049118000061], [121.05287905500006, 14.562075667000045], [121.05297728500011, 14.562104870000042], [121.05305693100001, 14.562131419000025], [121.05312064700001, 14.56213672900003], [121.05317905400011, 14.562094251000076]]]]}}, {"type": "Feature", "properties": {"ADM4_EN": "South Daang Hari", "ADM4_PCODE": "PH1307607027", "ADM4_REF": null, "ADM3_EN": "Taguig City", "ADM3_PCODE": "PH1307607", "ADM2_EN": "Metropolitan Manila Fourth District", "ADM2_PCODE": "PH13076", "ADM1_EN": "National Capital Region (NCR)", "ADM1_PCODE": "PH13", "ADM0_EN": "Philippines (the)", "ADM0_PCODE": "PH", "date": "2022-11-09", "validOn": "2023-11-06", "validTo": null, "Shape_Leng": 0.01822672358, "Shape_Area": 1.973458e-05, "AREA_SQKM": 0.23540611896, "name": "South Daang Hari"}, "geometry": {"type": "MultiPolygon", "coordinates": [[[[121.04798596800003, 14.472275470000056], [121.0489042480001, 14.472121799000035], [121.049515186, 14.471934395000062], [121.04945521600007, 14.471642044000077], [121.04950394100001, 14.471342198000059], [121.04964691400005, 14.470962376000045], [121.04971255300006, 14.470779347000075], [121.05004741300002, 14.470832458000075], [121.05034726000008, 14.470862443000044], [121.05061712200006, 14.470881184000064], [121.05082226200011, 14.470904894000057], [121.05083718500009, 14.470562114000074], [121.05085944900009, 14.470330190000027], [121.050889417, 14.470064426000022], [121.05102509900007, 14.469556030000035], [121.05112473800011, 14.469181225000057], [121.05127526400008, 14.468768347000037], [121.05140372700009, 14.468430286000057], [121.05177138500005, 14.467449865000049], [121.05173459000002, 14.467458435000026], [121.05164710000008, 14.467408725000041], [121.05137167800001, 14.467390566000063], [121.05049916100006, 14.467164378000064], [121.04939123500003, 14.467010109000057], [121.04927376700005, 14.466999951000048], [121.0488933690001, 14.466968036000026], [121.0488281260001, 14.466986457000075], [121.04843757600008, 14.467038158000037], [121.04807995400006, 14.46724852400007], [121.04772233200003, 14.46747291400004], [121.0475287590001, 14.46775395700007], [121.0473159070001, 14.467864324000061], [121.04706758100008, 14.467911625000056], [121.046941446, 14.467927391000046], [121.04678772000011, 14.467919508000023], [121.04668523600003, 14.467856441000038], [121.04665840300004, 14.468160572000045], [121.04648715700012, 14.47013623600003], [121.04665116400008, 14.470642088000034], [121.0467372280001, 14.470924338000032], [121.046812412, 14.471088631000043], [121.04693337000003, 14.471352976000048], [121.04694183100003, 14.471371434000048], [121.047005151, 14.47152384900005], [121.0470822740001, 14.471701258000053], [121.04711747400006, 14.471782191000045], [121.047191902, 14.471939777000046], [121.04723510500003, 14.472018279000054], [121.04724047800005, 14.472028043000023], [121.04727392200004, 14.472088813000028], [121.04731071900005, 14.47215519200006], [121.04749219200005, 14.47237519600003], [121.04798596800003, 14.472275470000056]]]]}}, {"type": "Feature", "properties": {"ADM4_EN": "South Signal Village", "ADM4_PCODE": "PH1307607028", "ADM4_REF": null, "ADM3_EN": "Taguig City", "ADM3_PCODE": "PH1307607", "ADM2_EN": "Metropolitan Manila Fourth District", "ADM2_PCODE": "PH13076", "ADM1_EN": "National Capital Region (NCR)", "ADM1_PCODE": "PH13", "ADM0_EN": "Philippines (the)", "ADM0_PCODE": "PH", "date": "2022-11-09", "validOn": "2023-11-06", "validTo": null, "Shape_Leng": 0.04008865477, "Shape_Area": 5.438152e-05, "AREA_SQKM": 0.64859555367, "name": "South Signal Village"}, "geometry": {"type": "MultiPolygon", "coordinates": [[[[121.0559505870001, 14.508692415000041], [121.0563255720001, 14.508565177000037], [121.0568330860001, 14.508392669000045], [121.05726870500007, 14.508311712000022], [121.05771636300005, 14.508295215000032], [121.058370308, 14.508223572000077], [121.05868200900011, 14.508174180000026], [121.05908023400002, 14.508107203000066], [121.05936726300001, 14.508071564000034], [121.05978611300009, 14.508004837000044], [121.06014645900007, 14.507943046000037], [121.06019661700009, 14.507431994000058], [121.06028264200006, 14.507071309000025], [121.06023151000011, 14.50672183000006], [121.06020261800006, 14.506334452000033], [121.06039654200003, 14.506311007000022], [121.06063181900004, 14.506285126000023], [121.06074086400008, 14.506266808000078], [121.06081973800008, 14.506251992000045], [121.06097093300002, 14.506232156000067], [121.06143379800005, 14.50612767900003], [121.06156158100009, 14.50609578700005], [121.06140554800004, 14.505105062000041], [121.06132296800001, 14.505105214000025], [121.06117450800002, 14.505121447000022], [121.06087932300011, 14.505154531000073], [121.06068613900004, 14.505155442000046], [121.06045349500005, 14.50516904500006], [121.060239324, 14.505177899000046], [121.06000058300003, 14.505174401000033], [121.05995038600008, 14.505171222000058], [121.05994407300011, 14.50485393300005], [121.05995052300011, 14.504578793000064], [121.059933698, 14.504190018000031], [121.05984258, 14.504188962000057], [121.05982578700002, 14.503993007000076], [121.05981235400009, 14.503823202000035], [121.05981235600007, 14.503695856000036], [121.0598459470001, 14.503555414000061], [121.05995754700007, 14.503372670000033], [121.06018737800002, 14.50345763100006], [121.06043994800007, 14.50356718100005], [121.0606890900001, 14.503653385000064], [121.06091232000006, 14.503667122000024], [121.0609683560001, 14.503644816000076], [121.06098733200008, 14.503587087000028], [121.0607317250001, 14.50320617500006], [121.0606126130001, 14.50302187400007], [121.06049648500004, 14.502886714000056], [121.06039602300007, 14.502803924000034], [121.06033032100004, 14.502752820000069], [121.06010707700011, 14.502569089000076], [121.06030122800007, 14.50229951600005], [121.06024808900008, 14.50223735000003], [121.0601557120001, 14.502147861000026], [121.05987013900005, 14.501851703000057], [121.0598334340001, 14.501796545000047], [121.05977739900004, 14.50173677500004], [121.0597120760001, 14.501668477000067], [121.05947197500006, 14.501389546000041], [121.05940595200002, 14.501306365000062], [121.05940023100004, 14.501236468000059], [121.05939317600007, 14.500905756000066], [121.05936889300006, 14.50079392200007], [121.059115775, 14.500987767000026], [121.05892192300007, 14.500829605000035], [121.05871648000004, 14.500807093000049], [121.05862019500012, 14.500766965000025], [121.05856434400005, 14.500784143000033], [121.0582787400001, 14.501013099000033], [121.05811190100007, 14.501119792000054], [121.057909934, 14.50123605400006], [121.05764534000002, 14.501386060000073], [121.05722122400005, 14.501761671000054], [121.05699918100004, 14.501598383000044], [121.056686506, 14.50130301200005], [121.05655307000006, 14.501364856000066], [121.0555111650001, 14.501073721000068], [121.05539814300005, 14.501039032000051], [121.0548762630001, 14.500951607000047], [121.05479815300009, 14.500951771000075], [121.05427433200009, 14.500788410000041], [121.05393186800006, 14.500638802000026], [121.05374624600006, 14.500901852000027], [121.0537468550001, 14.501010562000033], [121.05374427900006, 14.50107495900005], [121.0537375780001, 14.50124205700007], [121.0537511230001, 14.501472466000052], [121.05371859500008, 14.501500279000027], [121.05349424200006, 14.501699873000064], [121.05312345900006, 14.50188986300003], [121.05274401600002, 14.502062565000074], [121.05266280700005, 14.501907533000065], [121.05217541600007, 14.502282915000023], [121.05197835400008, 14.502436008000075], [121.05186461200003, 14.502599150000037], [121.05165508800008, 14.503005442000074], [121.05135854700006, 14.503388877000077], [121.051994035, 14.50389761100007], [121.05203391600003, 14.503849752000065], [121.05292739000004, 14.50465194900005], [121.05283717900011, 14.504745195000055], [121.05249781500004, 14.50527186000005], [121.05237843300006, 14.505478956000047], [121.05153824100012, 14.507058567000058], [121.05161827800009, 14.507073755000022], [121.05178616400008, 14.507138992000023], [121.051980436, 14.507188782000071], [121.0522595430001, 14.507222585000022], [121.05292921300008, 14.507289483000022], [121.0529905730001, 14.505873780000059], [121.05332601600003, 14.505881473000045], [121.0536964800001, 14.505896176000022], [121.05366448400002, 14.506999614000051], [121.05364656200004, 14.50735441300003], [121.05401227300001, 14.507407087000047], [121.05416554300007, 14.507811051000033], [121.05480076300012, 14.507542787000034], [121.055252418, 14.508362782000063], [121.05553494500009, 14.508855190000077], [121.0559505870001, 14.508692415000041]]]]}}, {"type": "Feature", "properties": {"ADM4_EN": "Tanyag", "ADM4_PCODE": "PH1307607001", "ADM4_REF": null, "ADM3_EN": "Taguig City", "ADM3_PCODE": "PH1307607", "ADM2_EN": "Metropolitan Manila Fourth District", "ADM2_PCODE": "PH13076", "ADM1_EN": "National Capital Region (NCR)", "ADM1_PCODE": "PH13", "ADM0_EN": "Philippines (the)", "ADM0_PCODE": "PH", "date": "2022-11-09", "validOn": "2023-11-06", "validTo": null, "Shape_Leng": 0.02872310508, "Shape_Area": 3.060239e-05, "AREA_SQKM": 0.36503231215, "name": "Tanyag"}, "geometry": {"type": "MultiPolygon", "coordinates": [[[[121.04920971000001, 14.480502449000028], [121.04940916700002, 14.480069731000071], [121.05006500500008, 14.478670158000057], [121.05065411600003, 14.477370364000024], [121.05078169500007, 14.477003516000025], [121.0508746910001, 14.476639757000044], [121.05093382200005, 14.476378103000059], [121.05098741100005, 14.475980083000024], [121.05100438600005, 14.47562294100004], [121.05100881500005, 14.475342666000074], [121.0510028440001, 14.475170554000044], [121.05096248100006, 14.474099307000074], [121.05094841000005, 14.473774767000066], [121.0508474070001, 14.471907357000077], [121.05082201200003, 14.47099546000004], [121.05082226200011, 14.470904894000057], [121.05061712200006, 14.470881184000064], [121.05034726000008, 14.470862443000044], [121.05004741300002, 14.470832458000075], [121.04971255300006, 14.470779347000075], [121.04964691400005, 14.470962376000045], [121.04950394100001, 14.471342198000059], [121.04945521600007, 14.471642044000077], [121.049515186, 14.471934395000062], [121.0489042480001, 14.472121799000035], [121.04798596800003, 14.472275470000056], [121.04749219200005, 14.47237519600003], [121.04760455100006, 14.472490142000026], [121.04778044900002, 14.47309103400005], [121.0479002720001, 14.473408412000026], [121.04801999600011, 14.473979924000048], [121.04817243500008, 14.474863256000049], [121.04820302200005, 14.47520881500003], [121.04819341200005, 14.475352585000053], [121.0481696060001, 14.475489567000068], [121.04814506000002, 14.47558206900004], [121.04811377400006, 14.475787725000032], [121.04793714900006, 14.476394948000063], [121.04791066500002, 14.476468388000058], [121.04787016600005, 14.476580617000025], [121.04773490500008, 14.47700134400003], [121.04765232200009, 14.477222298000072], [121.04760864600007, 14.477343356000063], [121.04751117100011, 14.477568631000054], [121.04729913500012, 14.47825454100007], [121.04721299300002, 14.478520798000034], [121.04711379900004, 14.478834042000074], [121.04700006200005, 14.47918074100005], [121.04682090600011, 14.479552929000022], [121.04634518800003, 14.480403636000062], [121.046217984, 14.48067076600006], [121.04609510700004, 14.480890449000071], [121.04585724300011, 14.481629635000047], [121.04610158300011, 14.48170379100003], [121.04611136100004, 14.481706168000073], [121.04698259200006, 14.481917920000058], [121.04773803500007, 14.482100209000066], [121.048058491, 14.482179982000048], [121.0483451120001, 14.482231727000055], [121.04841433700005, 14.482240341000022], [121.04920971000001, 14.480502449000028]]]]}}, {"type": "Feature", "properties": {"ADM4_EN": "Tuktukan", "ADM4_PCODE": "PH1307607014", "ADM4_REF": null, "ADM3_EN": "Taguig City", "ADM3_PCODE": "PH1307607", "ADM2_EN": "Metropolitan Manila Fourth District", "ADM2_PCODE": "PH13076", "ADM1_EN": "National Capital Region (NCR)", "ADM1_PCODE": "PH13", "ADM0_EN": "Philippines (the)", "ADM0_PCODE": "PH", "date": "2022-11-09", "validOn": "2023-11-06", "validTo": null, "Shape_Leng": 0.03282374272, "Shape_Area": 2.80343e-05, "AREA_SQKM": 0.33432153296, "name": "Tuktukan"}, "geometry": {"type": "MultiPolygon", "coordinates": [[[[121.07448995700008, 14.53357690200005], [121.07457759800002, 14.533543881000071], [121.07468477900011, 14.53351086300006], [121.07477735000009, 14.533463698000048], [121.07493819100011, 14.533261011000036], [121.0746869940001, 14.532540630000028], [121.07480985400002, 14.532195595000076], [121.07568548900008, 14.530404009000051], [121.07556897500001, 14.530381507000072], [121.07550834000006, 14.53035453800004], [121.07545199300012, 14.530226252000034], [121.07578761600007, 14.529765895000025], [121.07549799100002, 14.529816445000051], [121.07523458900005, 14.529768560000036], [121.07504561700011, 14.529465061000053], [121.07406318000005, 14.529898261000028], [121.07391620200008, 14.52968166100004], [121.073637716, 14.529697132000024], [121.07399540900008, 14.529171452000071], [121.07381203800003, 14.529084461000025], [121.07335037200005, 14.528845900000022], [121.0732355770001, 14.52903172300006], [121.07307513800004, 14.528917792000072], [121.07334147900008, 14.528407852000043], [121.07341670000005, 14.52827607000006], [121.07354499400003, 14.528024752000022], [121.0738705660001, 14.527487220000069], [121.07328907300007, 14.526909759000034], [121.0731979300001, 14.527263144000074], [121.07298500400009, 14.527528178000068], [121.07277220100002, 14.527690102000065], [121.07265063500006, 14.527748962000032], [121.07242273000008, 14.52780778400006], [121.07203007900011, 14.527866596000024], [121.07149828500008, 14.527878997000073], [121.07113265100008, 14.527837548000036], [121.07079778900004, 14.527764056000024], [121.07049358000006, 14.527675658000021], [121.0702503010001, 14.527513627000076], [121.06999181000003, 14.527278006000074], [121.06979419400011, 14.527101311000024], [121.06962686300005, 14.526895179000064], [121.0693831960001, 14.526762631000054], [121.0690781190001, 14.526688891000049], [121.06878828100002, 14.526718273000029], [121.06851375400004, 14.52680663500007], [121.06826992600008, 14.526968730000021], [121.068257388, 14.52699186700005], [121.06819399500012, 14.527101366000068], [121.06807285500008, 14.52741078200006], [121.06792171100005, 14.527778951000073], [121.06781610000007, 14.528235333000055], [121.06772864900006, 14.528633871000068], [121.06771365700001, 14.528942878000066], [121.06766813700006, 14.529281384000058], [121.0676691540001, 14.52959579700007], [121.06771348100006, 14.529922680000027], [121.06777422100004, 14.530202530000054], [121.06785022200006, 14.530452927000056], [121.06797194300009, 14.530673802000024], [121.0681627030001, 14.530944469000076], [121.06949444200006, 14.53112180100004], [121.06988169800002, 14.531308241000033], [121.07019898200008, 14.53146132300003], [121.07055853300005, 14.531438311000045], [121.07103648300006, 14.531613965000076], [121.07115669400002, 14.531353525000043], [121.07128919800004, 14.53111320000005], [121.07141709100006, 14.530868712000029], [121.07170190500005, 14.530642745000023], [121.07214016900002, 14.530830716000025], [121.07142219700006, 14.532218960000023], [121.07337748700002, 14.531346076000034], [121.07348091800009, 14.531546042000059], [121.07365182, 14.53163148300007], [121.07381734300009, 14.532257389000051], [121.07408263900004, 14.532327594000037], [121.0738901960001, 14.532956357000046], [121.07441224100012, 14.53365231600003], [121.07448995700008, 14.53357690200005]]]]}}, {"type": "Feature", "properties": {"ADM4_EN": "Upper Bicutan", "ADM4_PCODE": "PH1307607015", "ADM4_REF": null, "ADM3_EN": "Taguig City", "ADM3_PCODE": "PH1307607", "ADM2_EN": "Metropolitan Manila Fourth District", "ADM2_PCODE": "PH13076", "ADM1_EN": "National Capital Region (NCR)", "ADM1_PCODE": "PH13", "ADM0_EN": "Philippines (the)", "ADM0_PCODE": "PH", "date": "2022-11-09", "validOn": "2023-11-06", "validTo": null, "Shape_Leng": 0.03068463677, "Shape_Area": 3.838458e-05, "AREA_SQKM": 0.45781643661, "name": "Upper Bicutan"}, "geometry": {"type": "MultiPolygon", "coordinates": [[[[121.05165508800008, 14.503005442000074], [121.05186461200003, 14.502599150000037], [121.05197835400008, 14.502436008000075], [121.05217541600007, 14.502282915000023], [121.05266280700005, 14.501907533000065], [121.05274401600002, 14.502062565000074], [121.05312345900006, 14.50188986300003], [121.05349424200006, 14.501699873000064], [121.05371859500008, 14.501500279000027], [121.0537511230001, 14.501472466000052], [121.0537375780001, 14.50124205700007], [121.05374427900006, 14.50107495900005], [121.0537468550001, 14.501010562000033], [121.05374624600006, 14.500901852000027], [121.05393186800006, 14.500638802000026], [121.05325129800008, 14.500498191000077], [121.0531622090001, 14.500483315000054], [121.05299977600009, 14.500434830000074], [121.0526715630001, 14.500341565000042], [121.05211218900001, 14.500199759000054], [121.05165313900011, 14.500054100000057], [121.05169929100009, 14.499907170000029], [121.05180671300002, 14.499596542000063], [121.05192508700009, 14.499222166000038], [121.0519782990001, 14.49905387800004], [121.05210757400005, 14.49862100200005], [121.05245366800011, 14.497501191000026], [121.05230582600007, 14.497469652000063], [121.05213320300004, 14.497435405000033], [121.05196689800005, 14.497388197000078], [121.05146072000002, 14.49726824000004], [121.05088714200008, 14.497156400000051], [121.05054005400007, 14.497109278000039], [121.0503269410001, 14.497051598000041], [121.05047342800003, 14.496497543000032], [121.05059859000005, 14.495969607000063], [121.05073989400012, 14.495415399000024], [121.05085854900005, 14.49491120600004], [121.050938814, 14.494527001000051], [121.05101076200003, 14.494215742000051], [121.050816144, 14.493776836000052], [121.0504538020001, 14.493702824000025], [121.04931641100006, 14.493489235000027], [121.04871177100006, 14.493361614000037], [121.04809881100005, 14.493212931000073], [121.04768395300005, 14.493161066000027], [121.04759196300006, 14.494183517000067], [121.04755034000004, 14.49460480600004], [121.04752149500007, 14.494924737000076], [121.04753172000005, 14.495098994000045], [121.04752967600007, 14.495117249000032], [121.04747195000004, 14.495608846000039], [121.04743971700009, 14.495920098000056], [121.04740704500011, 14.496191984000063], [121.0473545860001, 14.49638460500006], [121.04723134300002, 14.497099411000022], [121.04686590800009, 14.500259387000028], [121.04729174700003, 14.50050912200004], [121.04746340200006, 14.500619614000072], [121.0483018110001, 14.501147411000034], [121.04890693400012, 14.501507550000042], [121.0493476050001, 14.501798742000062], [121.04941954100002, 14.501856130000021], [121.04948753300005, 14.501905530000045], [121.0496025430001, 14.501999158000046], [121.0503269510001, 14.502560686000038], [121.05053567000004, 14.502718161000075], [121.05065426600004, 14.502823282000065], [121.05080110500012, 14.502942082000061], [121.05135854700006, 14.503388877000077], [121.05165508800008, 14.503005442000074]]]]}}, {"type": "Feature", "properties": {"ADM4_EN": "Ususan", "ADM4_PCODE": "PH1307607016", "ADM4_REF": null, "ADM3_EN": "Taguig City", "ADM3_PCODE": "PH1307607", "ADM2_EN": "Metropolitan Manila Fourth District", "ADM2_PCODE": "PH13076", "ADM1_EN": "National Capital Region (NCR)", "ADM1_PCODE": "PH13", "ADM0_EN": "Philippines (the)", "ADM0_PCODE": "PH", "date": "2022-11-09", "validOn": "2023-11-06", "validTo": null, "Shape_Leng": 0.09223470439, "Shape_Area": 0.00015222966, "AREA_SQKM": 1.81539471746, "name": "Ususan"}, "geometry": {"type": "MultiPolygon", "coordinates": [[[[121.05561705100001, 14.542292144000044], [121.05570955900009, 14.542256103000057], [121.05581911600007, 14.542211678000058], [121.05590685300001, 14.54216903200006], [121.05586025800005, 14.541727016000038], [121.05585910500008, 14.541525120000074], [121.05623211800003, 14.541117535000069], [121.0565379520001, 14.54078455900003], [121.05671369400011, 14.54052074200007], [121.0568134770001, 14.540368363000027], [121.05709611200007, 14.53995154200004], [121.05728313700001, 14.539683324000066], [121.05750501400007, 14.539296500000034], [121.0576350990001, 14.53901713700003], [121.05779508800003, 14.538742134000074], [121.05798164300006, 14.538501537000059], [121.05812292900009, 14.538304201000074], [121.058443882, 14.537939409000046], [121.0586454270001, 14.537724548000028], [121.05877974500004, 14.537557579000065], [121.05879253000012, 14.537302496000052], [121.05820923600004, 14.536831462000066], [121.05788367200012, 14.536404160000075], [121.05782262900004, 14.536251553000056], [121.05779210700007, 14.536210857000071], [121.05801395000003, 14.535926738000057], [121.05811622100009, 14.536060654000039], [121.05829889400002, 14.535913029000028], [121.05845348100002, 14.535782052000059], [121.05852773400011, 14.535727466000026], [121.05854688500006, 14.535687130000042], [121.05854899200006, 14.53563200700006], [121.05844801400008, 14.53522027400004], [121.05837715200005, 14.534904948000076], [121.0581535450001, 14.533994712000037], [121.05838092800002, 14.53395856700007], [121.0583298570001, 14.533742635000067], [121.05853689500009, 14.533688513000072], [121.05838717400002, 14.533084966000047], [121.0585771000001, 14.532953846000055], [121.0588002940001, 14.532874457000048], [121.05875343500009, 14.532705558000032], [121.05873831100007, 14.532644795000067], [121.058857869, 14.532602032000057], [121.05896155700009, 14.532561002000023], [121.05905009600008, 14.532525727000063], [121.05915076600002, 14.532477594000056], [121.05929120200005, 14.532410939000044], [121.05926965900005, 14.532354140000052], [121.05905816300003, 14.531716308000057], [121.05893387000003, 14.531280289000051], [121.0589081280001, 14.53119676800003], [121.05920758000002, 14.531106865000027], [121.05921282000008, 14.531121208000059], [121.05952611700002, 14.531021831000032], [121.05973016200005, 14.531029767000064], [121.05978958900005, 14.531242083000052], [121.05985520400009, 14.531406396000023], [121.05990366900005, 14.531479920000038], [121.05994628700012, 14.531538617000024], [121.06000404400004, 14.53158847900005], [121.06023554600006, 14.531760887000075], [121.06055229100002, 14.531985847000044], [121.06078884700003, 14.532179146000033], [121.06087991800007, 14.532266077000031], [121.06092577700008, 14.532327776000045], [121.06100675000005, 14.532437145000074], [121.06117390300005, 14.532481504000032], [121.06126774100005, 14.532504924000023], [121.06135245300004, 14.532531264000056], [121.06140383400009, 14.532560527000044], [121.06146416800004, 14.532621944000027], [121.0614989710001, 14.532677340000077], [121.06147566600009, 14.532725046000053], [121.06130188700001, 14.533500724000078], [121.06129372300006, 14.533548219000068], [121.06121234200009, 14.53384180300003], [121.0611926360001, 14.534303947000069], [121.06118417100004, 14.534635477000052], [121.06126890500002, 14.534941237000055], [121.06141283600004, 14.535072914000068], [121.06144621700003, 14.535105373000022], [121.0617142540001, 14.535277307000058], [121.06199105700011, 14.535276768000074], [121.06227712800012, 14.535269499000037], [121.06248947300003, 14.53526770600007], [121.06272282200007, 14.53526770600007], [121.06302413700007, 14.535260910000034], [121.06328005800003, 14.53525353200007], [121.06344160800006, 14.535241294000059], [121.06432556800007, 14.53516330900004], [121.06467797200003, 14.535170289000064], [121.06555151900011, 14.53518891300007], [121.06570129500005, 14.535216460000072], [121.06595162100007, 14.535264651000034], [121.06620877400007, 14.535356160000049], [121.06632175100003, 14.535398303000022], [121.06664600200008, 14.535576625000033], [121.06692356700012, 14.535837652000055], [121.06706231700002, 14.53609130700005], [121.0672087700001, 14.536285276000058], [121.06725503700011, 14.536635925000041], [121.06721034200007, 14.536801957000023], [121.0670868950001, 14.536947476000023], [121.0668545200001, 14.537301607000074], [121.06679856900007, 14.537371046000032], [121.0665845740001, 14.53764708600005], [121.06641223300005, 14.537754094000036], [121.06642797200004, 14.537817646000065], [121.06663853100008, 14.537956589000032], [121.06685154900003, 14.538104462000035], [121.06698321500005, 14.53815075700004], [121.06749180800011, 14.538187997000023], [121.06841849700004, 14.538277522000044], [121.06895269000006, 14.538203864000025], [121.0693450440001, 14.538151585000037], [121.06989237700009, 14.538077174000023], [121.07051531000002, 14.538058899000077], [121.0710337480001, 14.53785715600003], [121.07136090200004, 14.537848419000056], [121.0719899720001, 14.537816496000062], [121.07262012600006, 14.538045932000045], [121.07268792500008, 14.538078582000026], [121.07275532300002, 14.537924608000026], [121.07326606100003, 14.53741565300004], [121.07349210100006, 14.537242043000049], [121.07452428300007, 14.536095541000066], [121.07444305000001, 14.535917271000073], [121.074285787, 14.535581523000076], [121.073987783, 14.53495679200006], [121.07360972600009, 14.534260218000043], [121.07354378900004, 14.534141529000067], [121.0732494350001, 14.533610890000034], [121.0738901960001, 14.532956357000046], [121.07408263900004, 14.532327594000037], [121.07381734300009, 14.532257389000051], [121.07365182, 14.53163148300007], [121.07348091800009, 14.531546042000059], [121.07337748700002, 14.531346076000034], [121.07142219700006, 14.532218960000023], [121.07214016900002, 14.530830716000025], [121.07170190500005, 14.530642745000023], [121.07141709100006, 14.530868712000029], [121.07128919800004, 14.53111320000005], [121.07115669400002, 14.531353525000043], [121.07103648300006, 14.531613965000076], [121.07055853300005, 14.531438311000045], [121.07019898200008, 14.53146132300003], [121.06988169800002, 14.531308241000033], [121.06949444200006, 14.53112180100004], [121.0681627030001, 14.530944469000076], [121.06797194300009, 14.530673802000024], [121.06785022200006, 14.530452927000056], [121.06777422100004, 14.530202530000054], [121.06771348100006, 14.529922680000027], [121.0676691540001, 14.52959579700007], [121.06766813700006, 14.529281384000058], [121.06771365700001, 14.528942878000066], [121.06772864900006, 14.528633871000068], [121.06781610000007, 14.528235333000055], [121.06792171100005, 14.527778951000073], [121.06807285500008, 14.52741078200006], [121.06819399500012, 14.527101366000068], [121.068257388, 14.52699186700005], [121.06751499100005, 14.526497433000031], [121.06724216600003, 14.526326224000059], [121.06704514000012, 14.526205091000065], [121.06665741900008, 14.526016748000075], [121.06650632800006, 14.52593151900004], [121.06623372400009, 14.52574039500007], [121.06586371800006, 14.525468628000056], [121.06577025700005, 14.525397760000033], [121.06579845100009, 14.52535216900003], [121.06583498700002, 14.525293348000048], [121.06589833400005, 14.525174143000072], [121.06594835700002, 14.525047820000054], [121.06598727100004, 14.52489158000003], [121.06603175200007, 14.524729922000063], [121.06607624300011, 14.524560177000069], [121.06610962800005, 14.524333820000038], [121.0661430130001, 14.524155949000033], [121.0661874430001, 14.523846433000074], [121.06620383300003, 14.523571465000032], [121.06621422400008, 14.523131066000076], [121.06201311600012, 14.522254234000059], [121.06130094200012, 14.523651829000073], [121.06079479200002, 14.52487951300003], [121.06056723200004, 14.52479547300004], [121.06015881000008, 14.525730598000052], [121.05996519700011, 14.526188852000075], [121.05975738500001, 14.526695885000038], [121.05878229900009, 14.526673782000046], [121.05811420700002, 14.526658638000072], [121.0579710930001, 14.526645560000077], [121.0566881200001, 14.526618256000063], [121.05617502300004, 14.526668785000027], [121.055868357, 14.526619609000022], [121.0559561990001, 14.526842099000078], [121.05602650000003, 14.52703721000006], [121.05636797800003, 14.527751137000052], [121.05643621100012, 14.527899425000044], [121.056560794, 14.52821306800007], [121.05660553100006, 14.52833011000007], [121.05682552600001, 14.52890790500004], [121.05694372700009, 14.52920580600005], [121.05704310600004, 14.529462390000049], [121.05712014200003, 14.529663353000046], [121.05717111800004, 14.529789593000032], [121.05729698500011, 14.530121983000072], [121.05753501000004, 14.530928140000071], [121.05762042100002, 14.531362898000054], [121.057653705, 14.53156899000004], [121.05767758200011, 14.531780494000031], [121.05770181000003, 14.532085386000062], [121.05771132600012, 14.532320180000056], [121.05771318000006, 14.53253144000007], [121.05771106000009, 14.532641783000031], [121.05770443100005, 14.532801111000026], [121.05769014000009, 14.533327400000076], [121.05766865800001, 14.533796857000027], [121.057654522, 14.534035580000022], [121.0576237890001, 14.53461208400006], [121.05758494200006, 14.535093373000052], [121.05756981400009, 14.535344030000033], [121.05753465200007, 14.535923934000039], [121.05749049100007, 14.53665643000005], [121.05746503700004, 14.53697668600006], [121.0574302010001, 14.537566857000058], [121.05739334300006, 14.538056505000043], [121.05735648200005, 14.538369121000073], [121.05732284400005, 14.538545532000057], [121.05726049600003, 14.538766401000032], [121.05720608600006, 14.538933818000032], [121.05713734500011, 14.539110811000057], [121.05702220300009, 14.539317534000077], [121.05689228900007, 14.539519910000024], [121.05677770900002, 14.539684771000054], [121.05667057700009, 14.539805846000036], [121.05656564100002, 14.539915654000026], [121.05641722200005, 14.540053293000028], [121.05624255400005, 14.540191893000042], [121.0560469610001, 14.540331821000052], [121.0558208540001, 14.540465760000075], [121.05526592100011, 14.540782485000022], [121.05466490700007, 14.541129210000065], [121.05512580600009, 14.541792744000077], [121.05550333100007, 14.542340038000077], [121.05561705100001, 14.542292144000044]]]]}}, {"type": "Feature", "properties": {"ADM4_EN": "Wawa", "ADM4_PCODE": "PH1307607017", "ADM4_REF": null, "ADM3_EN": "Taguig City", "ADM3_PCODE": "PH1307607", "ADM2_EN": "Metropolitan Manila Fourth District", "ADM2_PCODE": "PH13076", "ADM1_EN": "National Capital Region (NCR)", "ADM1_PCODE": "PH13", "ADM0_EN": "Philippines (the)", "ADM0_PCODE": "PH", "date": "2022-11-09", "validOn": "2023-11-06", "validTo": null, "Shape_Leng": 0.05833121917, "Shape_Area": 8.60783e-05, "AREA_SQKM": 1.02657598875, "name": "Wawa"}, "geometry": {"type": "MultiPolygon", "coordinates": [[[[121.07373018100009, 14.524310797000055], [121.07380610200005, 14.524237170000049], [121.0739428170001, 14.524075117000052], [121.07407962400009, 14.523942435000038], [121.07427751000012, 14.523809867000068], [121.0745666470001, 14.52370693100005], [121.07484038400003, 14.523618765000037], [121.0751749320001, 14.523545182000078], [121.07552475200009, 14.523515690000067], [121.0758747650001, 14.523515548000034], [121.07625513500011, 14.52351548200005], [121.07665017600004, 14.52351562900003], [121.0769992060001, 14.523486410000032], [121.07737763000011, 14.52347827400007], [121.07787951800003, 14.523434116000033], [121.07829050700002, 14.523404673000073], [121.07880847700005, 14.523316267000041], [121.07905239000002, 14.523213084000076], [121.07925064300002, 14.523050908000073], [121.07940296400011, 14.522888742000077], [121.07947870500004, 14.522697218000076], [121.0795398250001, 14.522490793000031], [121.07955547800009, 14.522298978000038], [121.0795862540001, 14.522092402000055], [121.07957097000008, 14.521782788000053], [121.07961714500004, 14.521494239000049], [121.07967883200001, 14.521213856000031], [121.07975475, 14.520933643000035], [121.07979843100009, 14.520859233000067], [121.08007068300003, 14.52042681100005], [121.08028770700002, 14.52015824800003], [121.08046965200003, 14.519922349000069], [121.08072825300007, 14.519760183000074], [121.08100216700007, 14.51965699300007], [121.08121617400002, 14.51950938300007], [121.08150370900012, 14.519174809000049], [121.08285868100006, 14.517065031000072], [121.08336266100002, 14.516372283000067], [121.08353017200011, 14.516062864000048], [121.08365199700006, 14.515797581000072], [121.08377378600005, 14.515443817000062], [121.0838651140001, 14.515104786000052], [121.08395644500001, 14.514780492000057], [121.08397160600009, 14.51445622500006], [121.08404770100003, 14.514131944000042], [121.0841237730001, 14.513719182000045], [121.08421514600002, 14.513350693000064], [121.08436702300003, 14.51301167400004], [121.08453450400009, 14.512687430000028], [121.08476317500003, 14.51239253700004], [121.0851604400001, 14.512010574000044], [121.08593777800002, 14.51145014900004], [121.08634925700005, 14.511169824000035], [121.08857920300011, 14.509622162000028], [121.08856997200007, 14.509602599000061], [121.08854911500009, 14.509534366000025], [121.08853532100011, 14.509489239000061], [121.08850815000005, 14.509400350000021], [121.08843955300006, 14.509200184000065], [121.088364253, 14.509002319000047], [121.08828233100007, 14.508806965000076], [121.0881938760001, 14.50861433600005], [121.088098983, 14.50842463600003], [121.08799775500006, 14.50823807100005], [121.08789030000003, 14.508054841000046], [121.08777673300006, 14.507875144000025], [121.0876571770001, 14.50769917200006], [121.08753176100004, 14.507527115000073], [121.08740061900005, 14.507359160000021], [121.0872638940001, 14.507195484000022], [121.08712173200001, 14.507036266000057], [121.08697428500011, 14.506881677000024], [121.08687203700003, 14.506781291000038], [121.08607347800012, 14.508260994000068], [121.08598504400004, 14.508239290000063], [121.08477993300005, 14.510261692000029], [121.08402284100009, 14.510948761000066], [121.08286401600003, 14.511942029000068], [121.08192867900004, 14.512790128000063], [121.08077604700009, 14.513808400000073], [121.07866576900005, 14.515781900000036], [121.07788154000002, 14.516246113000022], [121.07630269200001, 14.517149270000061], [121.0760075610001, 14.517318208000063], [121.07527610200009, 14.517568628000049], [121.07395285200005, 14.518135254000072], [121.07409279700005, 14.518637640000065], [121.07429583500004, 14.519393506000029], [121.07434786500005, 14.519649676000029], [121.0737946800001, 14.51975589600005], [121.07384129900004, 14.520060260000037], [121.07389864100003, 14.520761265000033], [121.07347699600007, 14.520801921000043], [121.07319626700007, 14.520872464000036], [121.07294721700009, 14.520953991000056], [121.07253549000006, 14.52110052300003], [121.07202802200004, 14.52123387000006], [121.07195986800002, 14.52127346900005], [121.07153729700008, 14.521418606000054], [121.07145662500011, 14.521435053000062], [121.07037819700008, 14.522056750000047], [121.07036936000009, 14.522062079000023], [121.0701447890001, 14.522239178000063], [121.07009157200002, 14.52228599700004], [121.06982405000008, 14.52251268200007], [121.06954451100012, 14.522745217000022], [121.06926616700002, 14.523011327000063], [121.06899059200009, 14.523254068000028], [121.06978261100005, 14.524146804000054], [121.07006688100012, 14.523907147000045], [121.07036403000006, 14.523649211000077], [121.0706915290001, 14.523847236000051], [121.07117435300006, 14.524119429000052], [121.0733054640001, 14.524456647000022], [121.07362397300005, 14.524502139000049], [121.07373018100009, 14.524310797000055]]]]}}, {"type": "Feature", "properties": {"ADM4_EN": "West Rembo", "ADM4_PCODE": "PH1307602032", "ADM4_REF": null, "ADM3_EN": "City of Makati", "ADM3_PCODE": "PH1307602", "ADM2_EN": "Metropolitan Manila Fourth District", "ADM2_PCODE": "PH13076", "ADM1_EN": "National Capital Region (NCR)", "ADM1_PCODE": "PH13", "ADM0_EN": "Philippines (the)", "ADM0_PCODE": "PH", "date": "2022-11-09", "validOn": "2023-11-06", "validTo": null, "Shape_Leng": 0.03801187288, "Shape_Area": 5.127763e-05, "AREA_SQKM": 0.61142442242, "name": "West Rembo"}, "geometry": {"type": "MultiPolygon", "coordinates": [[[[121.05752342900007, 14.565150072000051], [121.05847070900006, 14.56487333800004], [121.05959491600004, 14.56422038900007], [121.05999299200005, 14.563979678000067], [121.0604617790001, 14.563445082000044], [121.06106788300008, 14.562930235000067], [121.06136926800002, 14.562624034000066], [121.06156113500003, 14.562428688000068], [121.0619483700001, 14.562070708000022], [121.06243788400002, 14.56166883800006], [121.06277397600002, 14.561464289000071], [121.06316850900009, 14.561325444000033], [121.06343920100005, 14.561263452000048], [121.06416773900003, 14.561070304000054], [121.06462909400011, 14.560944946000063], [121.06473726200011, 14.560914872000069], [121.06483569000011, 14.56088810500006], [121.06548292700006, 14.560719451000068], [121.06584092700007, 14.560585451000065], [121.06603877000009, 14.560443201000055], [121.06609674600008, 14.560387647000027], [121.0661985810001, 14.560287207000044], [121.0665839290001, 14.559827276000021], [121.06682885600003, 14.559523229000035], [121.06694441500008, 14.559379776000071], [121.06700656800001, 14.559267901000055], [121.06701207700007, 14.559075436000057], [121.06702392700004, 14.558661451000035], [121.06687386100009, 14.55773060000007], [121.06667769700005, 14.557433565000053], [121.06648409700006, 14.557142021000061], [121.06648230100006, 14.557143175000022], [121.0659983700001, 14.557453991000045], [121.06593866600008, 14.557499908000068], [121.06612719400005, 14.557808271000056], [121.06618556900003, 14.557942277000052], [121.06620496200003, 14.558004846000074], [121.06622305000008, 14.558080434000033], [121.0662306480001, 14.558140213000058], [121.06623386100011, 14.558211534000066], [121.06623220600011, 14.558290487000022], [121.06622524000011, 14.55835087500003], [121.06621668800005, 14.558407781000028], [121.06620320800005, 14.558478087000026], [121.06618175000006, 14.558542717000023], [121.06613668500006, 14.558646768000074], [121.06590904300003, 14.558548785000028], [121.0658189830001, 14.55848444000003], [121.06558751400007, 14.55834765700007], [121.06529544000011, 14.558182577000025], [121.06503110000006, 14.558094439000058], [121.06475273100011, 14.557967996000059], [121.06433080200009, 14.557953418000068], [121.06402950000006, 14.557965774000024], [121.06377063900004, 14.557952512000043], [121.06374865200007, 14.557844016000047], [121.06372903800002, 14.557790393000062], [121.06369993100009, 14.55774467200007], [121.06367205100003, 14.557722437000052], [121.06363728800011, 14.557712507000076], [121.06358186300008, 14.557709326000065], [121.063401956, 14.557695727000066], [121.063043719, 14.557732636000026], [121.06235112800005, 14.55787593100007], [121.0619017030001, 14.557995343000073], [121.06163155200011, 14.557727601000067], [121.06156294700008, 14.557781013000067], [121.06077050300007, 14.557309640000028], [121.06059666500005, 14.557219316000044], [121.0604926850001, 14.557358606000037], [121.06027527000003, 14.557530626000073], [121.0600629160001, 14.557665432000022], [121.05991254900005, 14.557757455000058], [121.05984192200003, 14.557800503000067], [121.0596109060001, 14.557899967000026], [121.05901654500008, 14.55809841000007], [121.05829702400001, 14.558338616000071], [121.05820553400008, 14.558094820000065], [121.05807321500004, 14.55811777200006], [121.05808149300003, 14.558176968000055], [121.05809112300005, 14.558291599000029], [121.05808787800004, 14.558388489000038], [121.05807843100001, 14.558453039000028], [121.05806172700011, 14.55851235800003], [121.05804156500005, 14.558561280000049], [121.05801347300007, 14.558609191000073], [121.05797939400009, 14.558658083000068], [121.05794770500006, 14.558694251000077], [121.05791607200001, 14.558732536000036], [121.05788678700003, 14.558771333000038], [121.0578619580001, 14.558807355000056], [121.05783829400002, 14.55884222900005], [121.05781466200006, 14.558882483000048], [121.05779555600009, 14.558922666000058], [121.05777426400005, 14.558971487000065], [121.05773148100002, 14.559091786000067], [121.05768027300007, 14.559213151000051], [121.057639375, 14.559295040000052], [121.0575957210001, 14.55936302300006], [121.05754282300006, 14.559445547000053], [121.05747628100005, 14.559533420000037], [121.05742000400005, 14.559597734000022], [121.05735766400005, 14.559665170000073], [121.0572929010001, 14.55972065900005], [121.0572389350001, 14.55976561500006], [121.05718917800004, 14.559798725000064], [121.05714357800002, 14.559826886000053], [121.05709630500007, 14.559851603000027], [121.05678054200007, 14.560011411000062], [121.05658318100006, 14.560109245000035], [121.05662621500005, 14.560216457000024], [121.05668051400005, 14.56037987700006], [121.05674137100004, 14.560569968000038], [121.0568543070001, 14.560944747000065], [121.05696876000002, 14.560876606000022], [121.05703659200003, 14.56086103000007], [121.05711140100004, 14.560861929000055], [121.05716776200006, 14.560869314000058], [121.05721227100003, 14.560881901000073], [121.05724634100011, 14.560907414000042], [121.05735492000008, 14.561088478000045], [121.05739895800002, 14.56117936000004], [121.05740243900004, 14.561398755000027], [121.05738611400011, 14.561463810000078], [121.05735370100001, 14.561494480000022], [121.05731820800008, 14.561515858000064], [121.0572879980001, 14.561527892000072], [121.0572546190001, 14.561521180000057], [121.05686913000011, 14.561408874000051], [121.0568250660001, 14.561387577000062], [121.05677550500002, 14.561340035000057], [121.05658143800008, 14.561121744000047], [121.05633495600011, 14.560835427000029], [121.05615254000008, 14.560949916000027], [121.05592720400011, 14.561085657000035], [121.05508138000005, 14.561601818000042], [121.05526761500005, 14.56240979200004], [121.05532280300008, 14.562726767000072], [121.055367896, 14.562992586000064], [121.0553933010001, 14.563236005000022], [121.05542593700011, 14.56352206300005], [121.05551480200006, 14.564388938000036], [121.05567745700012, 14.56552251200003], [121.05752342900007, 14.565150072000051]]]]}}, {"type": "Feature", "properties": {"ADM4_EN": "Western Bicutan", "ADM4_PCODE": "PH1307607018", "ADM4_REF": null, "ADM3_EN": "Taguig City", "ADM3_PCODE": "PH1307607", "ADM2_EN": "Metropolitan Manila Fourth District", "ADM2_PCODE": "PH13076", "ADM1_EN": "National Capital Region (NCR)", "ADM1_PCODE": "PH13", "ADM0_EN": "Philippines (the)", "ADM0_PCODE": "PH", "date": "2022-11-09", "validOn": "2023-11-06", "validTo": null, "Shape_Leng": 0.12985195872, "Shape_Area": 0.00053748236, "AREA_SQKM": 6.4100445788, "name": "Western Bicutan"}, "geometry": {"type": "MultiPolygon", "coordinates": [[[[121.04653595700006, 14.535584073000052], [121.04659216300001, 14.53553779400005], [121.04664402600008, 14.53546224300004], [121.0466915830001, 14.535374225000055], [121.046743633, 14.535290605000057], [121.046765176, 14.535202550000065], [121.046764875, 14.53509765800004], [121.04679227000008, 14.534704055000077], [121.04679520000002, 14.53425450900005], [121.0467677040001, 14.533550622000064], [121.0467514280001, 14.53324840700003], [121.0467319600001, 14.532919908000054], [121.0467192100001, 14.532716065000045], [121.04668347300003, 14.53246254100003], [121.04664106100006, 14.532185574000039], [121.04657897700008, 14.531851195000058], [121.04652322100003, 14.531602087000067], [121.0464556280001, 14.531349075000037], [121.04620908600009, 14.530666535000023], [121.04711183800009, 14.530136747000029], [121.04724821200011, 14.529986415000053], [121.0473306020001, 14.529879189000042], [121.04740368800003, 14.529756831000043], [121.04749189300003, 14.529610037000054], [121.04761643200004, 14.529362806000051], [121.04768901000011, 14.529317602000049], [121.04788063800004, 14.529076664000058], [121.0481621890001, 14.528640950000067], [121.04864726900007, 14.527636780000023], [121.04862737700012, 14.527512614000045], [121.04729818900012, 14.527036416000044], [121.04632790500011, 14.52659727300005], [121.04608044800011, 14.526488512000071], [121.04574984600004, 14.526346657000033], [121.04570714500005, 14.526325860000043], [121.0455467380001, 14.526244169000051], [121.04529150400003, 14.526116628000068], [121.04522220700005, 14.526070471000025], [121.0451622810001, 14.526029049000044], [121.04512077100003, 14.525952109000059], [121.04508831400005, 14.52588905600004], [121.04505574100006, 14.525794653000048], [121.045023237, 14.525718171000051], [121.04499073400007, 14.525641693000068], [121.04494447500008, 14.525569622000035], [121.04486146800002, 14.525479465000046], [121.044468961, 14.52505798900006], [121.04578640600005, 14.524720905000038], [121.04589565300012, 14.524685315000056], [121.04605212100012, 14.524609200000043], [121.0461723630001, 14.524503308000021], [121.04627155100002, 14.52438765100004], [121.0463444830001, 14.524287344000072], [121.04639651900004, 14.524176772000033], [121.04644845500002, 14.524041326000031], [121.0464690550001, 14.52391641500003], [121.04649986200002, 14.523730938000028], [121.04657908500008, 14.522949996000023], [121.04670257200007, 14.521814567000035], [121.0468208960001, 14.520735370000068], [121.04684160300008, 14.520553222000046], [121.04686229200001, 14.520452160000048], [121.04689319500005, 14.520341251000048], [121.04691889700007, 14.520245595000063], [121.04696531200011, 14.520114842000055], [121.04702315000009, 14.520018381000057], [121.04707591100009, 14.519941936000066], [121.047128745, 14.519865386000049], [121.04722328700007, 14.519748469000035], [121.0472757340001, 14.519692603000067], [121.04737495800009, 14.519613846000027], [121.04758994500003, 14.519471663000047], [121.04770048300009, 14.519405302000052], [121.04784395800004, 14.519353081000077], [121.048300734, 14.519260811000038], [121.0485291230001, 14.519242464000058], [121.04880824300005, 14.519252739000024], [121.04925092500002, 14.519310368000049], [121.04947729300011, 14.51934585500004], [121.04964540700007, 14.519355855000072], [121.04973982900003, 14.519355868000048], [121.04981855500012, 14.519345747000045], [121.04990783000005, 14.519335623000075], [121.0499919560001, 14.519305172000031], [121.05007618900004, 14.51926452500004], [121.05014996700004, 14.519228923000071], [121.05022380200012, 14.519178016000069], [121.05028708600003, 14.519121985000027], [121.05033473800006, 14.519060798000055], [121.05040364400008, 14.518974016000072], [121.05048948700005, 14.518807649000053], [121.05061957600003, 14.518506093000042], [121.05073870300009, 14.518205709000028], [121.04968476400006, 14.51760700400007], [121.04890965600009, 14.517188267000051], [121.04815707600005, 14.516910865000057], [121.04796431600005, 14.516838606000022], [121.04771691500002, 14.516761244000065], [121.04740773100002, 14.516671828000028], [121.04704181000011, 14.516567505000069], [121.04685415900008, 14.516527483000061], [121.04663574400001, 14.516491208000048], [121.04643976400007, 14.516451532000076], [121.04619569800002, 14.516419787000075], [121.04583247100004, 14.516376108000031], [121.04537151300008, 14.516343797000047], [121.04548200900001, 14.51610806900004], [121.04556492900008, 14.515874092000047], [121.0453517730001, 14.515652891000059], [121.04467892900004, 14.515562224000064], [121.04408676900005, 14.515448824000032], [121.0440934830001, 14.514895503000048], [121.04363644700004, 14.514786410000056], [121.04325129900008, 14.514699847000031], [121.04252507500007, 14.51452232500003], [121.04178018000005, 14.51433872900003], [121.0419833740001, 14.513898865000044], [121.04211556500002, 14.513679957000022], [121.04226683500008, 14.513396882000052], [121.04239776800011, 14.51316829800004], [121.04253483700006, 14.512902917000076], [121.04267341500008, 14.512645367000061], [121.04279865900003, 14.512377354000023], [121.0429464550001, 14.512118460000067], [121.04479458800006, 14.513071123000032], [121.04504216900011, 14.513190920000056], [121.04534118600009, 14.513341057000048], [121.0470519370001, 14.514199746000031], [121.04870134900011, 14.515071263000038], [121.0505698070001, 14.51599546400007], [121.05071911200002, 14.516012626000077], [121.05162354400011, 14.514521542000068], [121.05216015200006, 14.513328601000069], [121.051412722, 14.512941467000076], [121.05082025400009, 14.512630179000041], [121.05019202500011, 14.512270519000026], [121.04900478800005, 14.51173151100005], [121.04957763800007, 14.510759829000051], [121.04980943500004, 14.510311437000041], [121.04999087700003, 14.509957898000039], [121.0500880410001, 14.509772870000063], [121.05034352400003, 14.509304689000032], [121.0506296320001, 14.508809704000043], [121.05076955900006, 14.508560875000057], [121.05093213700002, 14.508252907000042], [121.05124930400007, 14.507644567000057], [121.05153824100012, 14.507058567000058], [121.05237843300006, 14.505478956000047], [121.05249781500004, 14.50527186000005], [121.05283717900011, 14.504745195000055], [121.05292739000004, 14.50465194900005], [121.05203391600003, 14.503849752000065], [121.051994035, 14.50389761100007], [121.05135854700006, 14.503388877000077], [121.05080110500012, 14.502942082000061], [121.05065426600004, 14.502823282000065], [121.05053567000004, 14.502718161000075], [121.0503269510001, 14.502560686000038], [121.0496025430001, 14.501999158000046], [121.04948753300005, 14.501905530000045], [121.04941954100002, 14.501856130000021], [121.0493476050001, 14.501798742000062], [121.04890693400012, 14.501507550000042], [121.0483018110001, 14.501147411000034], [121.04746340200006, 14.500619614000072], [121.04729174700003, 14.50050912200004], [121.04686590800009, 14.500259387000028], [121.04662355900007, 14.500319018000027], [121.04573694500004, 14.500735802000065], [121.04554749700003, 14.500864627000055], [121.04537320600002, 14.50094798400005], [121.04520649200003, 14.501016185000026], [121.04486460400005, 14.501166522000062], [121.04384890300003, 14.501736595000068], [121.04203357800009, 14.503324213000042], [121.03994338600012, 14.504213079000067], [121.03872551300003, 14.504722076000064], [121.03809300900002, 14.504495034000058], [121.03747970800009, 14.504272098000058], [121.037199138, 14.504169535000074], [121.03700400700006, 14.50409854000003], [121.03696079000008, 14.504083234000063], [121.03654920300005, 14.503924436000034], [121.0360534880001, 14.504839963000052], [121.03569, 14.50551], [121.03546155100003, 14.505971771000077], [121.03527359300006, 14.506378342000062], [121.03512007600011, 14.506710497000029], [121.03491299300003, 14.507158326000024], [121.03377483200006, 14.509099651000042], [121.03340749100005, 14.509856670000033], [121.0329016290001, 14.51089797700007], [121.03272145900007, 14.511184193000076], [121.02884810700004, 14.517985528000054], [121.02670859700004, 14.522048289000054], [121.02564362600003, 14.524120495000034], [121.02554266000004, 14.524310634000074], [121.02597245800007, 14.524673346000043], [121.02602154400006, 14.524731118000034], [121.02606046000005, 14.524772970000072], [121.02623403300004, 14.52494665200004], [121.02648386400006, 14.525113354000041], [121.02653537100002, 14.52514936800003], [121.0267062040001, 14.52526970200006], [121.02684417300009, 14.525382340000021], [121.02690470800007, 14.525429872000075], [121.026976181, 14.525524225000026], [121.02702515700003, 14.525560004000056], [121.02702616800002, 14.525560745000064], [121.0271365860001, 14.52564903700005], [121.02720448100001, 14.525707780000062], [121.02732160300002, 14.525805609000031], [121.027392372, 14.525858607000032], [121.02763080000011, 14.526027419000059], [121.02790059000006, 14.526236580000045], [121.02801144000011, 14.526323792000028], [121.02832318800006, 14.526575066000078], [121.02857396400009, 14.526752798000075], [121.02876244700008, 14.52685006400003], [121.0288909840001, 14.526907376000054], [121.0293767170001, 14.527111812000044], [121.02948327500008, 14.527157364000061], [121.03009396100003, 14.527405817000044], [121.03082764600003, 14.527706243000068], [121.0311016280001, 14.527835135000032], [121.03128139000012, 14.52793516500003], [121.0314580480001, 14.52804532500005], [121.03175134300011, 14.528233863000025], [121.03208608000011, 14.528449901000045], [121.03219972600004, 14.52852733900005], [121.0322734670001, 14.528571055000043], [121.03240518900009, 14.528672191000055], [121.03254936000008, 14.528800770000032], [121.03268078700012, 14.528960277000067], [121.03275255000005, 14.529069828000047], [121.03286729600006, 14.529286442000057], [121.03312284900005, 14.52983273700005], [121.03318414500006, 14.529964595000024], [121.03322199600007, 14.530035681000072], [121.03328720700006, 14.530162064000024], [121.03341939400002, 14.530361490000075], [121.03363416400009, 14.530622501000039], [121.03382190800005, 14.530812294000043], [121.03419632700002, 14.531190107000043], [121.03436979700007, 14.531370034000076], [121.03492242700008, 14.531918672000074], [121.03554194600008, 14.532482251000033], [121.0359851720001, 14.532882566000069], [121.03611793000005, 14.533002520000025], [121.03662845600002, 14.533476545000042], [121.03665852900008, 14.533508318000031], [121.03696846100001, 14.53377084300007], [121.03731256200001, 14.534037100000035], [121.03742161100001, 14.534117861000027], [121.03762808200008, 14.534240216000057], [121.03782063400001, 14.534348998000041], [121.0379859630001, 14.534430692000058], [121.03814051800009, 14.534491225000068], [121.03822076200004, 14.534523344000036], [121.03832284100008, 14.53456004700007], [121.0386065990001, 14.534640203000038], [121.03880585900004, 14.534694036000076], [121.03895308300002, 14.534725243000025], [121.03919340100003, 14.534766053000055], [121.03955122700006, 14.534803830000044], [121.03982526000004, 14.534814462000043], [121.04007426800001, 14.534805595000023], [121.04026269100007, 14.534795298000063], [121.04089306100002, 14.534755766000046], [121.04132222600003, 14.534727640000028], [121.04166629400004, 14.534706245000052], [121.04208895400006, 14.534674452000047], [121.04226894600004, 14.534661160000041], [121.04270331600003, 14.534634377000032], [121.04366180500006, 14.53456981200003], [121.04448448300002, 14.534512606000021], [121.04460239500008, 14.534501662000025], [121.04496386400001, 14.53447582900003], [121.04520525700002, 14.534486849000075], [121.04526148200011, 14.534490492000032], [121.04538754300006, 14.534515588000033], [121.04547780000007, 14.534545759000025], [121.04556872500007, 14.534592154000052], [121.04566630900001, 14.534644738000054], [121.04578423900011, 14.534725149000053], [121.04585935000011, 14.534778808000056], [121.0459366130001, 14.534841197000048], [121.04601537500002, 14.534917306000068], [121.04609159600011, 14.53501454600007], [121.04620503800004, 14.535173487000066], [121.04630755100004, 14.535347701000035], [121.04641781400005, 14.535553890000074], [121.04646101700007, 14.53564360100006], [121.04653595700006, 14.535584073000052]]]]}}]}